,name,account_id,rank,games,kills,wins,average_damage,win_ratio,season,game_type,season_length
0,Oilersfan74,account.166d81fc85534147b1b4bf2e537d5077,1,2463,2348,34,116,0.0138043035,xbox-01,solo,30
1,ALPHA NANOC,account.f396a20e56a94b4ba82b5f4eebd54861,1,2075,10399,429,526,0.20674698,xbox-02,solo,173
2,WyattEarpXXX,account.d6c2446f5a924e53bb74b286ca1cc9ed,2,1136,4902,171,527,0.15052816,xbox-01,solo,30
3,XIISJagobo,account.55ff3a6b5c964172a677104edeb8f2ce,2,1755,4955,231,327,0.13162394,xbox-02,solo,173
4,JonFriendly,account.14731f042cdb45fa8fd4edb5f47ac29e,3,1649,3575,123,238,0.07459066,xbox-02,solo,173
5,XIISJagobo,account.55ff3a6b5c964172a677104edeb8f2ce,3,1209,3424,137,323,0.11331679,xbox-01,solo,30
6,XreecyX,account.a0af18f8ce5040a6a3b45029e8adea3c,4,1593,8090,316,534,0.19836786,xbox-02,solo,173
7,Brat0069,account.3520dffd3e3944e1893175cfef9e85f5,4,1745,2363,130,153,0.074498564,xbox-01,solo,30
8,xBindersx,account.6668be42410243cf9446a2d45788b2a2,5,2290,9217,163,430,0.07117904,xbox-02,solo,173
9,zCritic,account.dfea3f7020494c53afd7bdd8e2528910,5,1344,7153,212,552,0.15773809,xbox-01,solo,30
10,CreepiestMike,account.9994a3584161427f8d43821465e1c6c4,6,1749,3094,49,204,0.028016008,xbox-02,solo,173
11,IBRETT FAVRE,account.3c5b670fee984aea94bd89c5cf8b1cfa,6,2163,2424,24,132,0.011095701,xbox-01,solo,30
12,PURPMAN478,account.cb50bd3f0caa461cac06c25a9ec730f7,7,1849,6320,98,352,0.053001624,xbox-01,solo,30
13,StephenRanoff,account.5a14e8fb35a1481ab618b5bbdcdd5a0e,7,1470,3237,119,249,0.08095238,xbox-02,solo,173
14,Phalizideee,account.274d9aaec4f24bb8b1e294ef6fe6a1de,8,1889,6956,151,410,0.079936475,xbox-02,solo,173
15,LAURSEN MN,account.42dda053d444442c97bd68b211d01d48,8,1913,2119,19,139,0.009932044,xbox-01,solo,30
16,groovepak,account.4ea62176568f4187bcacf1da1ab60c00,9,1566,1487,20,127,0.012771392,xbox-01,solo,30
17,BeardedBlair,account.2f5e71dc11c842479ff42b444981aeba,9,1782,1775,24,128,0.013468013,xbox-02,solo,173
18,CureCFdad1,account.91bd5f5df7664658beaa17ade1b53c1a,10,1693,3494,65,232,0.038393386,xbox-02,solo,173
19,RealRecognzeRio,account.92c3124eeea846ceb16f63a0b01d2d29,10,1004,1829,152,201,0.15139443,xbox-01,solo,30
20,HaZeRdOu5CuSh,account.30e5e802871948b0b402591dda9cc779,11,1572,2676,27,206,0.017175572,xbox-01,solo,30
21,TotallyBogusBro,account.a3db610632d645b4a3f092307f2b61ab,11,1488,2868,96,219,0.06451613,xbox-02,solo,173
22,k0n5truct,account.47033f784c0b456eb6d518f36e55fac7,12,1327,3411,48,280,0.036171816,xbox-01,solo,30
23,stevecarsonr,account.2acf93114d684e78801fdb26da585fa2,12,1848,2853,50,180,0.027056277,xbox-02,solo,173
24,OrTerreur47auto,account.34e0f64eb72a4c9cbdff2621b53b1874,13,1040,2342,57,250,0.054807693,xbox-01,solo,30
25,NinjaSkiLL,account.891597af50724cc199a5141c26eac48e,13,1143,5320,159,478,0.13910761,xbox-02,solo,173
26,PK Ripper rider,account.3957b392169740b79fc7f08917646c3e,14,1129,954,42,97,0.03720106,xbox-01,solo,30
27,PURPMAN478,account.cb50bd3f0caa461cac06c25a9ec730f7,14,1831,7264,130,399,0.07099945,xbox-02,solo,173
28,Ermazing,account.c269d18b095f414bbae48b2e593ea458,15,963,2760,125,344,0.1298027,xbox-02,solo,173
29,Runknownplayer,account.d733d30e694642b78c389767d9cc904e,15,1252,1429,21,162,0.016773162,xbox-01,solo,30
30,lVlountainlVlan,account.ea60163f4dd84eb28aee030f295eb269,16,1439,4591,107,358,0.07435719,xbox-02,solo,173
31,GODFATHER 876,account.287c3c7d1a46459eb8507224b6450dcc,16,1649,1551,29,121,0.017586416,xbox-01,solo,30
32,TotallyBogusBro,account.a3db610632d645b4a3f092307f2b61ab,17,1711,2563,24,172,0.014026885,xbox-01,solo,30
33,Mr ZELEZNAK,account.5590f8e1d67e4c67ad8a5b092ba7d8c3,17,2614,1220,5,64,0.0019127773,xbox-02,solo,173
34,ChroIVIe 704,account.3f6e9ccb9f9942e7979f76e51c2c6bc3,18,1230,1901,45,184,0.036585364,xbox-02,solo,173
35,itsNewRaggi,account.b9a605d65b8f40838182d59d72a7375a,18,1014,2869,114,305,0.112426035,xbox-01,solo,30
36,BiassedPanda468,account.99d25ee48a2f41aca8c93e1d70f1db58,19,2622,1418,3,70,0.0011441647,xbox-02,solo,173
37,stevecarsonr,account.2acf93114d684e78801fdb26da585fa2,19,1813,2296,18,150,0.009928295,xbox-01,solo,30
38,Swindoobie,account.573f1f930bc14c989edbc43140b309aa,20,834,2760,112,359,0.13429257,xbox-02,solo,173
39,BeardedBlair,account.2f5e71dc11c842479ff42b444981aeba,20,1547,1512,15,125,0.0096961865,xbox-01,solo,30
40,Makyio,account.29008cc8d07b4f5b9aac8c76ecc1343b,21,1409,1289,18,119,0.012775018,xbox-02,solo,173
41,BlastedCannon82,account.38822637d0424a6eac41d029c5955f5a,21,1092,1205,35,132,0.032051284,xbox-01,solo,30
42,Tagga 99,account.b04156678bb8470cb0c3ff5b9a31d6f1,22,818,2388,128,343,0.15647922,xbox-02,solo,173
43,Ssgt HurleyUSMC,account.4965713afddc49dda871e730ca3c749a,22,1608,1002,3,70,0.0018656716,xbox-01,solo,30
44,RockThrower3162,account.857cf3e1b4af4e5f98d96a78c949323a,23,1720,1644,19,121,0.011046512,xbox-01,solo,30
45,BLAM3L3SS,account.9503fe13e15d4ff895903fcbb83b33bf,23,965,3575,128,420,0.1326425,xbox-02,solo,173
46,CODGamer142659,account.4ba73840768f4b74bcaa860320bd4991,24,1612,1547,10,113,0.006203474,xbox-01,solo,30
47,RandyMarsh39,account.05d52ccb3695455aa681d9c0c32efc25,24,1925,2729,20,164,0.01038961,xbox-02,solo,173
48,PUBG NOOB 762,account.280037aa96614b2b87f6c19dbbb9d401,25,1073,1459,32,156,0.029822927,xbox-02,solo,173
49,LNKtch0rr0,account.e706fd92602b4a39b2490b307d02924a,25,1747,2100,16,140,0.009158557,xbox-01,solo,30
50,KingOfPubG330,account.5edd0e31d4ac47f9b7d11aa4369cb93a,26,1862,1800,15,111,0.008055854,xbox-01,solo,30
51,Runknownplayer,account.d733d30e694642b78c389767d9cc904e,26,1219,1750,26,192,0.021328958,xbox-02,solo,173
52,BRAZIL W KILLER,account.775d6d251f614e94843cc599a91f3066,27,1223,3568,100,310,0.08176615,xbox-02,solo,173
53,xII Davi IIx,account.44a8833cd33c427fb5f27cbe4ce85e19,27,1070,2444,65,254,0.060747664,xbox-01,solo,30
54,GREED907,account.fef6acca45a34efea81feefdfcafb738,28,1155,1443,36,159,0.031168832,xbox-01,solo,30
55,SquareRumble108,account.028fdf5943a44867aafa55dc125d6b57,28,1767,1971,16,125,0.0090548955,xbox-02,solo,173
56,Oilersfan74,account.166d81fc85534147b1b4bf2e537d5077,29,1552,1538,7,125,0.004510309,xbox-02,solo,173
57,SmokyGuitar1470,account.c4362843975f4e39930996441f8d27b5,29,1387,2579,16,216,0.011535688,xbox-01,solo,30
58,Tech Joist,account.944e42163756400eb158de36455cc683,30,1134,6251,186,578,0.16402116,xbox-02,solo,173
59,BadBatch5040,account.b5fc6f9f7345407fb718491f5692c834,30,2868,1591,0,68,0.0,xbox-01,solo,30
60,Ermazing,account.c269d18b095f414bbae48b2e593ea458,31,922,1735,52,232,0.056399133,xbox-01,solo,30
61,zCritic,account.dfea3f7020494c53afd7bdd8e2528910,31,1262,5824,145,484,0.11489699,xbox-02,solo,173
62,xll Davi ll,account.44a8833cd33c427fb5f27cbe4ce85e19,32,1111,2916,88,292,0.07920792,xbox-02,solo,173
63,jordone1,account.1ddd02a835314f60869464b60b8d878d,32,1889,1428,8,97,0.004235045,xbox-01,solo,30
64,Brat0069,account.3520dffd3e3944e1893175cfef9e85f5,33,2070,1800,133,98,0.06425121,xbox-02,solo,173
65,HAWK23ATX,account.db59bfe9991e4991afcf5a6b5248e68a,33,1428,1407,12,135,0.008403362,xbox-01,solo,30
66,TotallySwAyStEd,account.b8f37a222ca94c2181b71e895c227291,34,1301,4289,92,383,0.07071483,xbox-02,solo,173
67,PUBG NOOB 762,account.280037aa96614b2b87f6c19dbbb9d401,34,860,1323,22,168,0.025581395,xbox-01,solo,30
68,XsoiledtrojanX,account.bc74ef2e0525465e8558b6bf1b638835,35,786,1817,114,273,0.14503817,xbox-02,solo,173
69,BigNasstyIsHere,account.7f45d739e59b44b7ba1f46f30e38b4c2,35,983,2328,66,271,0.067141406,xbox-01,solo,30
70,wtom the bombw,account.2f9c67babf564e08ad7f345973cc9582,36,1194,2343,47,232,0.039363485,xbox-02,solo,173
71,UNKNOWN SCRUBx,account.8868949e2d314cfeb59a1c3f1d1b122c,36,929,1632,58,224,0.062432725,xbox-01,solo,30
72,Don Logan 3,account.35ba14c55a0743c0bf5151715e763e6e,37,976,2346,64,304,0.06557377,xbox-02,solo,173
73,MoThugz20,account.cb54077f04e0435299e1611598fa412e,37,1581,1531,13,121,0.008222644,xbox-01,solo,30
74,RedFacti8n,account.33205d6de65b4158980585aee0b4f5e7,38,1290,926,7,100,0.0054263566,xbox-01,solo,30
75,charles9433,account.097d644129ad41dabe2894ab22cd048e,38,1206,4803,123,425,0.10199005,xbox-02,solo,173
76,Melikdu62,account.81ec81dda1094db8a85abe63ef9b98c3,39,801,1399,93,194,0.11610487,xbox-01,solo,30
77,Felsbienchen400,account.2d77ed660a14469f9e363f5cbf4d7a4d,39,1142,2307,24,222,0.021015761,xbox-02,solo,173
78,kattukis,account.7ab54d52753e41809d3ee24870db51c5,40,907,1746,50,230,0.05512679,xbox-01,solo,30
79,azkie,account.b452f4ee1a714f47ba928e2aa750ea4c,40,1146,1169,31,126,0.02705061,xbox-02,solo,173
80,CyPreSS197726,account.7581d54f25fe4db087695f910a82fa86,41,1820,2598,27,176,0.014835165,xbox-02,solo,173
81,FEMINISTS HAHA,account.d153b8622be341f08c38d9cbe6311e36,41,854,3580,125,459,0.14637002,xbox-01,solo,30
82,DROSE25BULLS,account.3d5f86e7c37544fcad3f13b0d6550efd,42,1317,1325,24,133,0.018223235,xbox-02,solo,173
83,SlateRain562611,account.136a57d6f8a6420a8923111059a26d7f,42,1670,1638,9,127,0.0053892215,xbox-01,solo,30
84,JonFriendly,account.14731f042cdb45fa8fd4edb5f47ac29e,43,1105,1656,38,181,0.034389142,xbox-01,solo,30
85,xxcas1usxx,account.3c5acd9081a24c989a6c569406ed9426,43,2166,701,3,42,0.0013850415,xbox-02,solo,173
86,xx SCARFOOT xx,account.1f6fd03b41e945a7a8db1f744b052f2c,44,973,2312,77,293,0.07913669,xbox-02,solo,173
87,DROSE25BULLS,account.3d5f86e7c37544fcad3f13b0d6550efd,44,1212,1178,13,133,0.010726073,xbox-01,solo,30
88,putridgasser,account.10e8be78637f4b2d91ff200406304cb4,45,1453,1937,24,169,0.01651755,xbox-02,solo,173
89,BainHawk,account.885cdcd673cf46139869c5add32ec163,45,1202,1129,19,113,0.015806988,xbox-01,solo,30
90,ADogNamedBird,account.f3696329f5b040f7b26b46f4850f8ab2,46,759,1472,86,220,0.113306984,xbox-01,solo,30
91,DetectiveBrisco,account.df569a84d89a4d908343d7305ed5df09,46,848,2113,60,285,0.070754714,xbox-02,solo,173
92,Starlord0664,account.87b636e24bc94357b53f0f2354046c35,47,1335,870,11,83,0.0082397,xbox-01,solo,30
93,Maggioo10494,account.6d1639c33cb74c68a1f5cdcf5d7269f4,47,839,1806,68,272,0.08104887,xbox-02,solo,173
94,Oldbeefstew62,account.7bffbc0f240041569727c008a3cb3506,48,1558,1367,9,113,0.005776637,xbox-02,solo,173
95,MORICAN69,account.4dbc5ce83ab7470397e9ac2b9248a5f3,48,2124,2054,7,107,0.0032956686,xbox-01,solo,30
96,PicanteBike2052,account.49ee09c0f1564302991380ddfd603b07,49,1305,1518,10,134,0.007662835,xbox-02,solo,173
97,bwilk13,account.9c97c9e05b7d46d1813cd2e1244cedad,49,1110,1065,12,119,0.010810811,xbox-01,solo,30
98,AhkmedJabar II,account.22886c4918f547d3848d10b2ce6108cb,50,1223,1182,8,118,0.0065412917,xbox-01,solo,30
99,coachquinn,account.160f6b501f104f74af5dbcc9e2fcdbd3,50,889,1506,60,195,0.06749156,xbox-02,solo,173
100,i AIex vZ,account.b57e7cb9f9174f51a9ec95c5a5fc610c,51,619,3068,162,529,0.26171243,xbox-01,solo,30
101,mogumogu1225,account.e6c2566ab8e04db685bdcd57311dfa33,51,1062,1220,52,137,0.048964217,xbox-02,solo,173
102,NBK IceNine,account.b26acab441c3488f8e32ca9d26b986df,52,1222,716,16,76,0.01309329,xbox-02,solo,173
103,TravDeuce22,account.6b9307ed24b2434a8f249427d03291b7,52,1045,938,29,119,0.027751196,xbox-01,solo,30
104,sk Systematic,account.7b9195b704724064b9d2a77c55fd32cd,53,1229,2470,13,220,0.010577706,xbox-01,solo,30
105,xSamurai John x,account.370f000b7e4842649ce193c1b960451b,53,1791,1293,8,92,0.004466778,xbox-02,solo,173
106,skyleedan1823,account.4dff73ce770a442ab19bd0313ca0af70,54,1011,900,31,101,0.03066271,xbox-01,solo,30
107,bboyjcv96,account.0e977e42a7864809939e5ec225f9168f,54,795,2711,166,384,0.20880502,xbox-02,solo,173
108,LiQU1D SWORDS,account.b8871989e0cf4df688a93e2d7e478746,55,910,2395,79,285,0.08681319,xbox-02,solo,173
109,KINGPLAYER JAY,account.1eb95610bbae41efbeca4b6d52e01882,55,1400,1081,2,92,0.0014285714,xbox-01,solo,30
110,Zacharronii89,account.2cbddb1fef2841aba2f4f1b3d9e315c4,56,1852,795,2,60,0.0010799136,xbox-01,solo,30
111,skyleedan1823,account.4dff73ce770a442ab19bd0313ca0af70,56,1125,1365,29,134,0.025777778,xbox-02,solo,173
112,iNoerrr,account.2fc4429a2b764b50b620a891fc587237,57,815,1156,45,173,0.055214725,xbox-01,solo,30
113,SSP16,account.cc51b71fd10949b0b7e982dd64304dde,57,1258,1399,12,137,0.00953895,xbox-02,solo,173
114,chriscba,account.778dd5fc87d24b0a94b0c4aa801ddcdc,58,873,2783,63,363,0.072164945,xbox-02,solo,173
115,krull22,account.5259210b7a89471c81eba816e39be2cf,58,1636,1630,8,122,0.004889976,xbox-01,solo,30
116,iwound00,account.ffd1666f3e224a6a9b1cb8e909bd0083,59,891,1015,23,150,0.025813693,xbox-01,solo,30
117,SHEF v1,account.fb88287304d14e91a4490e328c53ac08,59,617,2270,210,417,0.34035656,xbox-02,solo,173
118,BRAZIL W KILLER,account.775d6d251f614e94843cc599a91f3066,60,933,2522,75,289,0.08038585,xbox-01,solo,30
119,moonpie1469,account.f5443db0f7e3427b922853eee312b8b4,60,1525,2039,13,164,0.00852459,xbox-02,solo,173
120,SudsyGibbon8171,account.37816c14863b466ea6b582c3c261a8e1,61,1337,1728,29,160,0.021690352,xbox-02,solo,173
121,VladtheEmpalor,account.ac1cb2c4e8f64244b75c49ebb2391545,61,709,1273,67,201,0.0944993,xbox-01,solo,30
122,PlusDuke1876468,account.03047783378841c9ab4405713f4f730f,62,1050,1064,12,119,0.011428571,xbox-02,solo,173
123,BOJAN TOZA,account.f01c7ab15f8d4da1826e4816a846a14f,62,649,2409,110,438,0.16949153,xbox-01,solo,30
124,IIlPsYcHo,account.ae55ca86a32441c3a364f28faa7bc5b7,63,1069,3399,43,337,0.040224507,xbox-02,solo,173
125,NewAcidbeat,account.7345fd9b969549d8844a9bc3b6647467,63,1568,1331,15,102,0.009566327,xbox-01,solo,30
126,IX Buck XI,account.aa02de26f0ca4591b9883700287af203,64,730,940,41,148,0.056164384,xbox-01,solo,30
127,oE II NexNova,account.6498c98469614277a9e87e15e07e1ff5,64,743,4909,177,691,0.23822342,xbox-02,solo,173
128,AR150NA,account.ba55dfe66fba4166b3e64ab480dee643,65,1092,1033,16,124,0.014652015,xbox-02,solo,173
129,Don Logan 3,account.35ba14c55a0743c0bf5151715e763e6e,65,879,1301,35,203,0.039817974,xbox-01,solo,30
130,BOYLARD666,account.ef1ff39961cb4feaa7ee7689a5b12262,66,760,1706,49,259,0.06447368,xbox-01,solo,30
131,PUTM INA COFFIN,account.5884953432ce412a86f8cf0a7a512e9c,66,677,4692,252,730,0.37223044,xbox-02,solo,173
132,FAZZICIZED,account.41b16bcd9e38465cb17ba3bfcadc8209,67,667,1000,95,163,0.14242879,xbox-02,solo,173
133,k26BaRT,account.ee1ad973f36946b78275c4eefcb8ed07,67,925,1998,56,256,0.060540542,xbox-01,solo,30
134,krull22,account.5259210b7a89471c81eba816e39be2cf,68,1392,1999,18,169,0.012931035,xbox-02,solo,173
135,Gaz4061,account.935c6174cc4c4ac791b7f6b0edeb66d9,68,553,2167,119,492,0.21518987,xbox-01,solo,30
136,lephilou,account.40b91d56315f4f299f0f34f4adfa5cee,69,1232,1713,17,164,0.013798702,xbox-01,solo,30
137,WeddedCamp16775,account.b12f6ec6b1f4485a9ef1426f2bac6c87,69,3212,1462,3,62,0.0009339975,xbox-02,solo,173
138,GuerraMatador,account.06bf247c0ade46419dec6a4595253231,70,1392,920,18,92,0.012931035,xbox-02,solo,173
139,day oId bread,account.6126c19b70be43a99008785789fa71ce,70,963,895,24,114,0.024922118,xbox-01,solo,30
140,SQUIDZxKHALIFA,account.d60f43640e124aadab161cb0969cc332,71,924,2589,52,314,0.056277055,xbox-01,solo,30
141,The Duhh Police,account.0ef8aba8f197468d80a4b10740a14d20,71,1152,1673,54,158,0.046875,xbox-02,solo,173
142,surprise bahaha,account.780644c25f024c3ebb89181d366642a9,72,1221,1156,16,116,0.013104013,xbox-01,solo,30
143,CommandSolid,account.e9be0d5692b24c89b0b174642a079e61,72,1130,1929,33,219,0.02920354,xbox-02,solo,173
144,Acyru,account.0a725136cdaa4818bad86cdffc3630f1,73,692,2343,81,387,0.117052026,xbox-01,solo,30
145,WarLord Steve2,account.88f1f19b78b8409fb32f379920bd87cd,73,570,2066,159,400,0.27894738,xbox-02,solo,173
146,ShockedPrism594,account.d302b3197c5e49538f2816f8f3bbf37f,74,1214,2577,39,237,0.032125205,xbox-02,solo,173
147,BrickYard4Life1,account.62205456d1644c3980ac99316d2861f4,74,1787,1780,2,121,0.0011191942,xbox-01,solo,30
148,dm21095,account.a731d90efb7446d78168823684968164,75,924,2325,69,272,0.07467532,xbox-01,solo,30
149,lird111,account.accd48a6d90f48acbdb467a7b4e76e24,75,1569,2047,18,155,0.0114722755,xbox-02,solo,173
150,d J0KER b,account.fbd9beab183140a7b1f3eff61bc75165,76,1184,1202,14,133,0.011824325,xbox-02,solo,173
151,D2theJAZ,account.031c1c013f18435186a0c680544f5b91,76,807,1373,50,211,0.06195787,xbox-01,solo,30
152,FTS Jacobite ye,account.4d46b58fb1fa4ad18e25c0b9a63d6993,77,651,1535,67,265,0.10291859,xbox-01,solo,30
153,FlavoredDerp,account.b3594536373e4d8b8eeb212df7e90e7b,77,838,1936,75,260,0.0894988,xbox-02,solo,173
154,BrickYard4Life1,account.62205456d1644c3980ac99316d2861f4,78,1881,1679,2,113,0.0010632642,xbox-02,solo,173
155,AdaptiveWharf36,account.43acc25d7e7a4af8be18224c9a7a85ed,78,955,988,7,150,0.007329843,xbox-01,solo,30
156,DapperSquash673,account.148a46dc0cc34f11bc0423f097f93f78,79,1315,384,2,44,0.0015209125,xbox-01,solo,30
157,chase tgj,account.d5ebc6ad98f9484c83e8fdcd95dde67f,79,718,2145,107,351,0.14902507,xbox-02,solo,173
158,lKILLA CulLo,account.d7854b3ab74e41ff82976b77559e2565,80,782,3693,129,481,0.16496164,xbox-02,solo,173
159,x1xchriseYe,account.5a16a038b0f3420bbda11762a9a240b0,80,717,1031,52,164,0.072524406,xbox-01,solo,30
160,JtxTheSniper,account.99fa8b5456154d52bc1b88ab0a885472,81,688,6164,198,939,0.2877907,xbox-02,solo,173
161,budega21,account.37e44dbcf9c143bc849caaeb86d0d660,81,1071,2270,51,250,0.04761905,xbox-01,solo,30
162,JORBETO81,account.a94fc43586dd46bda269a21917481134,82,1312,1966,23,185,0.017530488,xbox-02,solo,173
163,Bullseye4390,account.b0ad40f5ce134d50901e19da39a3d211,82,818,1880,78,261,0.09535452,xbox-01,solo,30
164,Binders12345,account.6668be42410243cf9446a2d45788b2a2,83,1278,3922,39,333,0.030516433,xbox-01,solo,30
165,Trans lover,account.60d9f73e137d49309efd7a1ff1f16311,83,594,4155,237,732,0.3989899,xbox-02,solo,173
166,JAYTHEREAPER76,account.334e87e494a0463e9653bdaf29422cc1,84,1503,1432,12,121,0.007984032,xbox-02,solo,173
167,mccary4417,account.99cf34c9585040ec814242a48d52416b,84,1265,1214,14,124,0.011067194,xbox-01,solo,30
168,roygrooveman240,account.f39cc6171ba94ab1b4a4516c6353d44a,85,1880,1148,0,79,0.0,xbox-02,solo,173
169,Box Of X,account.fc94502438014214b9aac5d2e4595695,85,675,1793,105,290,0.15555556,xbox-01,solo,30
170,PBnSapper22,account.31a5eb98acdc4778a49227cbbfad7638,86,794,1751,45,258,0.05667506,xbox-01,solo,30
171,BlamBlam187,account.3488aeab37984ff3b53c7a4c5887a421,86,708,1771,74,295,0.10451978,xbox-02,solo,173
172,CrushableSkink1,account.6a4f45b27cd24047a73b9f55b2a59ae4,87,1546,852,1,71,0.00064683054,xbox-01,solo,30
173,Balestra SP,account.284d1a4b6fa84d79891c64d7a3b3bb34,87,1517,1910,30,146,0.019775873,xbox-02,solo,173
174,Feyd101,account.daedbef56f964a318dbf80e8e9670739,88,705,3976,192,609,0.27234042,xbox-02,solo,173
175,SoF I FunSnip3r,account.7defffb24f0c425eb0a2d257f3273d29,88,931,1904,24,222,0.025778733,xbox-01,solo,30
176,YowanZ,account.992d66318e8142008ca55d5db62fe2c2,89,1626,4335,69,291,0.042435423,xbox-02,solo,173
177,gregemon82,account.0887fcf20f3a4197af1913093ce73766,89,1195,1161,11,133,0.009205021,xbox-01,solo,30
178,Carlos99874,account.6037069fc5c24b81b397b94f6e372aff,90,1426,750,6,70,0.004207574,xbox-02,solo,173
179,bl4St X xMORSE,account.08cac633660b43bc9acc4327b50a635b,90,1307,3535,47,292,0.035960216,xbox-01,solo,30
180,GetYourGAM3on13,account.4c79ff05a7c448d883bfe610dcf7c0c6,91,802,987,34,142,0.042394016,xbox-02,solo,173
181,OilySoup,account.c0d66fe4bc0e4216aabd834cfee8c45a,91,955,1797,32,225,0.033507854,xbox-01,solo,30
182,DopeMagic93,account.d7bd570ee0cc4d99a5db371973cd4b8d,92,746,1811,96,311,0.12868632,xbox-02,solo,173
183,VANSTICKYY604,account.678af9b3d5db467e83c1c20f9876735c,92,905,1677,63,226,0.06961326,xbox-01,solo,30
184,RGNGBULL187,account.30e02799c5584b6a8fe66ff83c5b5dae,93,768,1138,49,172,0.063802086,xbox-02,solo,173
185,Itxsnip,account.a6fff1961d1c485bbd24bb54d5ad1d80,93,1212,2624,39,243,0.03217822,xbox-01,solo,30
186,chillin solo,account.ba44a55b2a35491b8973660f585a3ac4,94,782,1288,45,202,0.057544757,xbox-02,solo,173
187,lilblackhooper,account.2b187fd449044dd9aac0a54e3dad7950,94,1085,1053,23,124,0.021198157,xbox-01,solo,30
188,Makyio,account.29008cc8d07b4f5b9aac8c76ecc1343b,95,1341,1054,9,108,0.0067114094,xbox-01,solo,30
189,o0AnSchlag0o,account.db3b9c80d9704a6f9ca7202eb39c3056,95,747,2355,99,343,0.13253012,xbox-02,solo,173
190,DDAYWWII,account.570ac989b021464bb4b9e878dc1bf2e8,96,1080,889,17,92,0.015740741,xbox-02,solo,173
191,TILLNIGHTEND10,account.d5160bc1b1b0401998f9d1e03929f6cd,96,813,2121,51,290,0.062730625,xbox-01,solo,30
192,MediumFidelity,account.ee8f7ae33d1f4ef496ee8914f7c1893e,97,682,1435,56,258,0.08211144,xbox-01,solo,30
193,CL33ZY,account.d3cc036bcd304e49aa4c847fac275a2f,97,1104,1607,30,186,0.027173912,xbox-02,solo,173
194,C4iSR FireScout,account.4ba6a3b39e0d44fbb3b335d495ad2d3c,98,1131,1180,16,134,0.014146773,xbox-02,solo,173
195,NICOLASFABRI,account.ebbe5d32f27c43f58bdd912ab598b91b,98,1228,1967,12,178,0.009771987,xbox-01,solo,30
196,PUBG RSOL,account.5d2bd820d26c4744be616f840d41ad8b,99,735,2543,130,372,0.17687075,xbox-02,solo,173
197,Happywizard725,account.adc9d0a54530494ab23fdb658f094e38,99,1011,1475,49,159,0.048466865,xbox-01,solo,30
198,SchmacK0s AU,account.8edc2afb40a24df39a415b2039462dec,100,965,3760,82,418,0.084974095,xbox-01,solo,30
199,cgeorgemo70,account.e5d22a2fc9ed4d6b878df1aea25f3719,100,948,813,30,112,0.03164557,xbox-02,solo,173
200,xXxVaiperxXx,account.34a0a601f9a544dd9bc61215522a4304,101,750,2318,49,333,0.06533334,xbox-01,solo,30
201,The GaGOD,account.ae29b9f27a724bee9cd194cb67c996f1,101,804,6070,152,806,0.18905473,xbox-02,solo,173
202,zapherf,account.049575f121cb448084e3b89578f541e7,102,783,2069,97,291,0.1238825,xbox-02,solo,173
203,KTA REJX,account.35fdf7a9804d4da9a162780c6acfb774,102,1052,966,20,117,0.019011406,xbox-01,solo,30
204,Kid2112Gloves,account.dfe19e31d0b04069864f43a79a282253,103,2333,789,5,42,0.0021431632,xbox-02,solo,173
205,MadMattMurdock1,account.c37a423e81d147d68bc85ed3687e2a4d,103,1164,1136,7,124,0.006013746,xbox-01,solo,30
206,G0dFaThErGHOST,account.9b3c3e347d0b4d71bd146fd6bb219df3,104,815,2336,71,327,0.08711656,xbox-02,solo,173
207,Saboooteador,account.1a573b28b49d47239057d4ded191a6a5,104,1225,832,8,86,0.0065306122,xbox-01,solo,30
208,Ice23000,account.b3d04510580849bfb9cb7cd8cb6c2f0e,105,624,2396,129,428,0.20673077,xbox-02,solo,173
209,Im Jory,account.59502d10e43f4afabd784c5723a49f8f,105,1133,2627,39,258,0.034421887,xbox-01,solo,30
210,RYKERDAUTRE2015,account.8029f3d640c34df99da9ff6a4849df4e,106,838,461,25,70,0.029832935,xbox-01,solo,30
211,SHAKENBAKE TTV,account.8f95594ddf684411b218bc0a9a861390,106,843,2622,62,341,0.07354686,xbox-02,solo,173
212,ISHKALAD,account.7abd9b1d6906421e94cdc438ae1a1574,107,713,1848,78,305,0.10939691,xbox-02,solo,173
213,MLO 007,account.85c8504f7029470b958623f4cd96c2f4,107,752,1833,57,277,0.07579787,xbox-01,solo,30
214,HYDROSCOTTY413,account.903e9d46c1ab46e98e0a83aea5c37e0f,108,1205,834,7,101,0.0058091288,xbox-02,solo,173
215,Phalizideee,account.274d9aaec4f24bb8b1e294ef6fe6a1de,108,1117,3688,68,366,0.06087735,xbox-01,solo,30
216,Franken Winni55,account.edb4933dfe9340b6bf4aad72ed827c23,109,815,386,15,60,0.018404908,xbox-01,solo,30
217,Mr N 000 D L E,account.9255c0a58c54479e8d1a3b67f240d62b,109,1147,4664,77,450,0.067131646,xbox-02,solo,173
218,xBr3nD4Nx,account.69f1ccff78814b09b6b3202c17ed1994,110,875,1527,53,210,0.06057143,xbox-02,solo,173
219,MachoHickory197,account.560df5581a3b4cacab175c8105b4eb06,110,677,1479,77,259,0.11373708,xbox-01,solo,30
220,MachoHickory197,account.560df5581a3b4cacab175c8105b4eb06,111,697,2077,117,328,0.16786227,xbox-02,solo,173
221,LEANDRO GINGADO,account.82fdf05e6d6d4ef09e1cc4851886a716,111,802,2053,55,285,0.068578556,xbox-01,solo,30
222,Legion x5,account.387822f05b9142f6ac60467c5b0949b4,112,873,4646,175,539,0.20045818,xbox-02,solo,173
223,Stone Men x m39,account.a7cd34c977bd4948bd380244390f3e1c,112,825,1041,21,157,0.025454545,xbox-01,solo,30
224,old dog re,account.e39d9ad82e414f64984f6bb91524d2d6,113,1463,1492,5,117,0.003417635,xbox-02,solo,173
225,Osmodiar,account.9c105ba477754d4ab3d3b236ad72bf87,113,952,907,16,121,0.016806724,xbox-01,solo,30
226,SultanOSwat,account.b3dc7c2ca4c7429fa702ce45dea00832,114,1246,1149,23,119,0.018459069,xbox-02,solo,173
227,BUBBA KUSH4420,account.a591df6e3f0e48999ccd0188cc2aa86c,114,945,2050,30,242,0.031746034,xbox-01,solo,30
228,KROMWELL77,account.f133db0c071b4d11b2fe5533ece6665c,115,823,823,35,128,0.04252734,xbox-02,solo,173
229,GORRGANITE,account.109dbbbdea1840298712bde1ef649fba,115,996,671,10,84,0.01004016,xbox-01,solo,30
230,MAJ Sniper 007,account.69df67791e05479484845acffadf4339,116,1167,1391,12,147,0.010282776,xbox-02,solo,173
231,The Gingivitis,account.6c2170c90c5546199afc4f5246b8ec88,116,679,1002,55,189,0.081001475,xbox-01,solo,30
232,SonsyMeteor8355,account.d84ca1332554430b8410071445e02963,117,1270,730,11,72,0.008661417,xbox-01,solo,30
233,StuMagooo,account.e7d249a13ccb4b859c5e752534afaf53,117,952,2905,102,356,0.10714286,xbox-02,solo,173
234,uberbend,account.13a6e34307104dfcaadff528e6c38f84,118,650,3010,167,505,0.25692308,xbox-02,solo,173
235,oooooJOBUooooo,account.0883775f54d044f1937dd3706f2930ef,118,718,1116,32,203,0.044568244,xbox-01,solo,30
236,Kamikazee BOBBY,account.7f9ff30afc7c4c3abd7d2baa05c69177,119,1034,1109,17,136,0.016441006,xbox-01,solo,30
237,xVICKxVINEGARx,account.eaef84d5c8864ad7a892b1686f94b3c3,119,815,2395,75,337,0.09202454,xbox-02,solo,173
238,TwoDumbThumbs,account.0ced5715703f4bbd8a6b77c3e2ef77b9,120,2076,2209,6,130,0.0028901733,xbox-02,solo,173
239,papsroach2,account.caf7383b635d42a1a13cfe6179fec67c,120,989,610,13,70,0.013144591,xbox-01,solo,30
240,Realcris pipi,account.1f364be7d9e7478da89a3265206c2932,121,1062,1032,6,116,0.0056497175,xbox-01,solo,30
241,SlateRain562611,account.136a57d6f8a6420a8923111059a26d7f,121,1451,1463,7,138,0.0048242593,xbox-02,solo,173
242,SaltyCalf469532,account.2a53eee6495240c59bab2b5795689f05,122,1071,1934,30,216,0.028011205,xbox-02,solo,173
243,amenador 1978,account.4f39e73073574e69b282fb6e6c06a491,122,736,580,46,87,0.0625,xbox-01,solo,30
244,Acapulccio,account.095dd2ef3fc1424c8243a63e3072d0de,123,955,2011,33,244,0.034554973,xbox-02,solo,173
245,RockyMonsterEgg,account.d8aa840dd1184fd9b6866f880e2e60f2,123,786,2014,77,292,0.097964376,xbox-01,solo,30
246,ii DoT CoM,account.f852b650fb764014873ac03eefd6c8e4,124,597,1717,93,341,0.1557789,xbox-02,solo,173
247,DenyingYew9928,account.aae45eadef6847ba93af2755a9e064bd,124,1046,928,7,107,0.0066921604,xbox-01,solo,30
248,elad53,account.a15079830aba4cbaa9a92ee7fa1c8093,125,1308,925,8,88,0.006116208,xbox-01,solo,30
249,KILLDOZER X25,account.cfb74cbe80d549a081484e42c0184c9d,125,1114,1081,18,121,0.016157988,xbox-02,solo,173
250,xPoMPuS MIXER,account.959fa2aa74fa42bfb02d2439a2d6dc95,126,933,2701,61,336,0.06538049,xbox-02,solo,173
251,TIME 4 SAUSING,account.25c9a23e6b7b4f9bafd2decfca0a9953,126,770,1586,38,232,0.04935065,xbox-01,solo,30
252,The Henery,account.f893ef678bbb46a39a7c34d365984261,127,990,2602,83,281,0.08383838,xbox-02,solo,173
253,XcrexcrexX,account.7bbea542c95a47208111412bc665a0fb,127,1486,1472,4,117,0.00269179,xbox-01,solo,30
254,Chasingame44,account.23a0256a45f14ea9a9f220021b9a4c10,128,906,873,12,127,0.013245033,xbox-01,solo,30
255,mojoNZ,account.eeff743fc57f4c8382708612e9b93d13,128,1818,1716,12,117,0.0066006603,xbox-02,solo,173
256,OSG ll AJAY ll,account.f684376c74c140a699ff6034c60f959f,129,789,2185,86,305,0.10899873,xbox-02,solo,173
257,POODLE STAIN,account.8bb1bb30a0674fd292ff1e0e22646a01,129,874,1440,19,202,0.02173913,xbox-01,solo,30
258,OppositeVeil57,account.c507f2c4cf104c9dbf4a9091da6cb232,130,1646,1594,12,116,0.007290401,xbox-01,solo,30
259,DG Valenski,account.70e737d40455467ca2a05ccd671dc331,130,812,1741,58,230,0.071428575,xbox-02,solo,173
260,lird111,account.accd48a6d90f48acbdb467a7b4e76e24,131,1173,1276,11,132,0.009377664,xbox-01,solo,30
261,BOBBER 42,account.759271b0739b4d3bb0b5f60258035743,131,651,1792,78,308,0.11981567,xbox-02,solo,173
262,twinkiepete,account.945f0d54656645d49e9afa27203a991c,132,1067,1008,13,108,0.012183692,xbox-01,solo,30
263,SCOUTRECON69696,account.e6b3851b9ccd4edabbaa8d09739d7b84,132,1005,1528,28,183,0.027860697,xbox-02,solo,173
264,Chaby U,account.9d22b59cd3634fd6a47a016715f232c8,133,697,1426,65,227,0.093256816,xbox-02,solo,173
265,ICdeadppl53,account.62b55773305541b4b475c759e3262ff6,133,1319,955,8,84,0.006065201,xbox-01,solo,30
266,GGG MrDevil,account.ad9f0c132ce14f32b7e307558c57e0e8,134,771,675,25,112,0.032425422,xbox-01,solo,30
267,Wulfman23,account.870beb11f84f4f9d8a3bc4f2079899d5,134,892,1537,37,201,0.041479822,xbox-02,solo,173
268,MiltonFreedMen,account.a3dc1dca12f0409d880f711bc9012a4c,135,795,1864,59,259,0.07421384,xbox-02,solo,173
269,ElmerFrigenFudd,account.690a0eb2b0884214b48d6cbe0d77df3a,135,1026,991,11,121,0.010721248,xbox-01,solo,30
270,PaxAxe,account.f6cf99d1758b472baa5ea5f5e44b3c9c,136,673,1614,27,280,0.04011887,xbox-01,solo,30
271,S4T1VA,account.b7de20714dbd4d81b2e8533de05b47db,136,872,1966,102,250,0.116972476,xbox-02,solo,173
272,YamiCastlevania,account.a24c5f82096e495abbda5574674e27d1,137,890,1471,35,186,0.039325844,xbox-01,solo,30
273,The Rapzeh,account.25d3d92496ad496b91fd25b92d35491c,137,966,2385,55,297,0.056935817,xbox-02,solo,173
274,sparkava26,account.96acae8333d2488f8e8b0e4c4b9eeb97,138,1188,1115,15,114,0.012626262,xbox-01,solo,30
275,jailbreak1,account.d685b0d9726d4f028b9fa7858370cf76,138,637,1590,102,285,0.16012558,xbox-02,solo,173
276,LooneyPainter45,account.6bd1a815b1964348b1c6bac9661aa070,139,928,658,9,90,0.0096982755,xbox-01,solo,30
277,bwilk13,account.9c97c9e05b7d46d1813cd2e1244cedad,139,961,749,13,109,0.013527576,xbox-02,solo,173
278,RockFeather8255,account.852f9718d655472cbb1c80aed34f8411,140,705,1975,87,316,0.12340426,xbox-02,solo,173
279,jake abs,account.71c47692b2374390a6688670c6910234,140,588,1369,61,265,0.1037415,xbox-01,solo,30
280,Maggioo10494,account.6d1639c33cb74c68a1f5cdcf5d7269f4,141,764,1217,28,205,0.036649216,xbox-01,solo,30
281,Twitch QQRIQ,account.2ccf7103b82545f2822b0fac8f4130b8,141,613,2096,93,384,0.1517129,xbox-02,solo,173
282,DrPainDye,account.12f9f90fde894b9291ef1a85ca346816,142,790,674,31,105,0.039240506,xbox-01,solo,30
283,Frathos,account.c89e2d848a264e8380a248ca0ce7d04d,142,856,752,15,105,0.017523365,xbox-02,solo,173
284,Ci2EOner,account.84108bbc03904a539a875cdd4430a01d,143,1338,1513,6,138,0.004484305,xbox-01,solo,30
285,lephilou,account.40b91d56315f4f299f0f34f4adfa5cee,143,965,1460,25,175,0.025906736,xbox-02,solo,173
286,CrustyScorpio69,account.4921dad0fee14bd1b8304220e6abd424,144,1078,1041,10,126,0.009276438,xbox-01,solo,30
287,A 762 SAVAGE,account.468bfc43886b438d942bd61a34056ae8,144,681,1522,63,252,0.09251101,xbox-02,solo,173
288,LILYETI43,account.e35c1fa4a60b468eb4ee5743b58cc356,145,1216,3444,22,300,0.018092105,xbox-01,solo,30
289,daigo0501,account.394182c87bbf467cb88239369d542a72,146,1255,836,4,81,0.003187251,xbox-01,solo,30
290,XMiIton MangoX,account.4ed152f179cf492097bd6be4bdab407c,147,615,2554,77,456,0.12520325,xbox-01,solo,30
291,BIRTHDAY SUlT,account.34a13b9077a144508d358cb76d2ad343,148,671,1073,30,197,0.04470939,xbox-01,solo,30
292,Byron Dennis21,account.816616b579e34fafb701c4e70ed68aac,149,1375,955,2,91,0.0014545454,xbox-01,solo,30
293,Daddygotyou72,account.7b8acd2e21254a43aed55f4d73a8839a,150,1577,1562,3,121,0.0019023463,xbox-01,solo,30
294,BROOK68,account.a69ef59ab0e6458390f268dd718c98b3,151,752,1071,16,165,0.021276595,xbox-01,solo,30
295,MANAYL,account.fd14e2950b5a460187e3583aa739e658,152,708,1039,32,176,0.04519774,xbox-01,solo,30
296,BruceTheTerible,account.c337fc7a70294b2490f213bb08a34d52,153,1074,1017,14,115,0.013035382,xbox-01,solo,30
297,JAYTHEREAPER76,account.334e87e494a0463e9653bdaf29422cc1,154,1122,1110,3,121,0.0026737968,xbox-01,solo,30
298,Steroking,account.0fa6ec11f1bc42079c792ec45b8e4b45,155,1651,877,1,67,0.0006056935,xbox-01,solo,30
299,aSeriousMan89,account.a7f9a1b43fdc40288bad9aa9d561acea,156,555,1561,80,322,0.14414415,xbox-01,solo,30
300,Spartan Red505,account.7bc3df39be614016b38b68c729f7c684,157,652,1479,30,252,0.04601227,xbox-01,solo,30
301,TiltedByDefault,account.bbe7273304eb4e40a254c7bad4e9521c,158,827,4047,93,503,0.11245465,xbox-01,solo,30
302,JORBETO81,account.a94fc43586dd46bda269a21917481134,159,1084,1084,3,135,0.0027675277,xbox-01,solo,30
303,ThiagoAdrianoBR,account.a97164519cec437b82de534fc16c6e62,160,734,1767,54,267,0.073569484,xbox-01,solo,30
304,farmerstan74555,account.6d6b264f15b14592870c6ace1b9a3636,161,842,1114,12,162,0.014251782,xbox-01,solo,30
305,XsoiledtrojanX,account.bc74ef2e0525465e8558b6bf1b638835,162,649,1259,51,236,0.078582436,xbox-01,solo,30
306,Eli Knyght,account.9fd5c98e3449496da7381dbbbb3ab4d9,163,786,697,25,107,0.031806614,xbox-01,solo,30
307,Schulty226,account.65b5c57d8eeb4b66a030f92ffe8f64f4,164,1109,1036,12,109,0.010820559,xbox-01,solo,30
308,McCheapsk8,account.dd3a46b7622a4376b42cb9af3c7424d7,165,990,1053,5,136,0.005050505,xbox-01,solo,30
309,Qeoo,account.2be660fef84d45e4a34e32606f913975,166,592,719,28,136,0.0472973,xbox-01,solo,30
310,SHADYSFINEST518,account.a28e5f38fcb342bfb9e39636a30c40a4,167,1626,918,3,70,0.0018450185,xbox-01,solo,30
311,brunogs9,account.e604b466c0f94559851272e52cba8b48,168,971,2775,54,307,0.05561277,xbox-01,solo,30
312,Xico loco 09,account.046a15d919de46538933b6eb81cd8b03,169,601,1350,71,257,0.118136436,xbox-01,solo,30
313,TerseFriend2243,account.2a158f8f9ec24489b859124cae0a37a9,170,1965,1690,5,101,0.0025445293,xbox-01,solo,30
314,CaptainMAK23,account.fdea0e36dd4248f091078006e81d875b,171,1119,1130,9,137,0.008042895,xbox-01,solo,30
315,PicanteBike2052,account.49ee09c0f1564302991380ddfd603b07,172,996,1044,6,122,0.006024096,xbox-01,solo,30
316,lexsmokeymcpot,account.b0ed880fbc6e42e9ba00328aee629709,173,1127,650,6,73,0.0053238687,xbox-01,solo,30
317,chriscba,account.778dd5fc87d24b0a94b0c4aa801ddcdc,174,757,1787,16,268,0.021136064,xbox-01,solo,30
318,SmileyMiley83,account.338c3c22537c4297bfcb3409d8d74ba5,175,798,766,10,127,0.012531328,xbox-01,solo,30
319,MAYAS9876,account.8eb26df5bc1a4d559a4096929a93425f,176,1204,802,6,87,0.004983389,xbox-01,solo,30
320,NBK RADZ,account.e3dffca350e645b3b950b79f70cfad2d,177,541,758,31,159,0.057301294,xbox-01,solo,30
321,PlusDuke1876468,account.03047783378841c9ab4405713f4f730f,178,642,578,17,105,0.02647975,xbox-01,solo,30
322,XxLmfaoTwicexX,account.44cf655a850e48d5a66ebd9d43d752eb,179,1497,1208,0,95,0.0,xbox-01,solo,30
323,icemonster89,account.b60e68c82ccd43159918e3a65c3418e5,180,965,1050,17,134,0.017616581,xbox-01,solo,30
324,ComicAttic80195,account.9beb6b6b198b4d0689251856e732f140,181,1788,361,1,32,0.0005592841,xbox-01,solo,30
325,l suck at thiss,account.f552efff0342418887951290959832c8,182,546,1033,49,218,0.08974359,xbox-01,solo,30
326,SolitaryZreck,account.dbf8b1c57c2541f9afcef803ab09f110,183,639,1262,44,235,0.06885759,xbox-01,solo,30
327,WryLobster41945,account.8299a6def7ab47f89b43183f1ef21e81,184,1053,1012,11,115,0.010446344,xbox-01,solo,30
328,OwtCazT,account.98fffc2551a243a18b9298eeebabb9b7,185,1571,1145,2,91,0.0012730744,xbox-01,solo,30
329,MaDMaXTiM1,account.abdfea88644b4c85b93ea7e0e21418cd,186,982,1683,11,197,0.011201629,xbox-01,solo,30
330,Vinik Play,account.d41526eec1764fdfbb063fae648b6d9d,187,893,1303,21,176,0.023516238,xbox-01,solo,30
331,Legendarybs420,account.42cc5330f1474dd2b77e05052036f0c1,188,787,712,22,100,0.027954256,xbox-01,solo,30
332,rinseoutman,account.e7370f1f13a542588f31081b998c491a,189,975,993,9,128,0.009230769,xbox-01,solo,30
333,SOLOPLAYER943,account.803a11058d904d8b98bb51b04ce35039,190,1421,1101,8,92,0.005629838,xbox-01,solo,30
334,EdgierTuba73954,account.5c172a2e665b49b98f922d3d5070a785,191,1908,925,0,62,0.0,xbox-01,solo,30
335,jrpes,account.92153d20b046403cbb372c66612a992b,192,594,1518,65,275,0.10942761,xbox-01,solo,30
336,markroberts1982,account.7164c0f58a7d48cbb6ebf0b7c7067e9f,193,994,813,10,109,0.0100603625,xbox-01,solo,30
337,CannedSeal2947,account.960551fa609a4134962cd43ac1fa95d6,194,1096,1023,11,115,0.010036496,xbox-01,solo,30
338,MaglanK9,account.c3434e9cb0ec4395ac56701d09a6e16a,195,1724,1695,2,119,0.0011600928,xbox-01,solo,30
339,Cadetgaim,account.56b465ad789048feb24052f324cd52f1,196,1657,2554,10,175,0.006035003,xbox-01,solo,30
340,smoking420now,account.ff84d78ca12b4bbe97ed0626eaecc65f,197,1337,888,1,83,0.0007479432,xbox-01,solo,30
341,MGMaSoN,account.67c1837513144870ac7c30d3ad9edbf6,198,1136,949,5,103,0.0044014086,xbox-01,solo,30
342,SLEEKlT,account.0a4a82ea2a114ac0808cba86fbc28a82,199,665,355,8,81,0.012030075,xbox-01,solo,30
343,wattie1987,account.6e2de7ebb6f4486fb20e030cb507deec,200,859,989,10,148,0.011641444,xbox-01,solo,30
344,S4T1VA,account.b7de20714dbd4d81b2e8533de05b47db,201,832,1423,41,194,0.049278848,xbox-01,solo,30
345,GoOobi 57,account.65de7750f4c24438aa47ed1d3d919bce,202,664,890,53,168,0.07981928,xbox-01,solo,30
346,BlamBlam187,account.3488aeab37984ff3b53c7a4c5887a421,203,578,1177,47,243,0.08131488,xbox-01,solo,30
347,Diego Xbox Mito,account.5cf2ead0df1844488107bd0a9221e198,204,520,1536,82,323,0.15769231,xbox-01,solo,30
348,chudcicle,account.c6345906b5044e24950a328567533848,205,819,759,16,119,0.01953602,xbox-01,solo,30
349,IKI NiBaL,account.ae26af7d4cde4aa08e99b136cb556346,206,533,1730,45,353,0.08442777,xbox-01,solo,30
350,RJ Rodregas,account.bc02b3a40ea34065ac5850e67b61f6d2,207,729,1497,34,237,0.04663923,xbox-01,solo,30
351,II NukL3S II,account.008efbf2617247fb8b1147ea8225f00e,208,486,1473,76,335,0.1563786,xbox-01,solo,30
352,Dozse,account.a6f325fd8357427ea1ec3bd833dadafb,209,773,1908,49,264,0.06338939,xbox-01,solo,30
353,KillerUnknownAR,account.c33166ec6f424624b3d6273b63666a21,210,848,1153,21,173,0.02476415,xbox-01,solo,30
354,Trustinmatty,account.a09e169a918d4d13aa7373eaf5a2df2c,211,1184,571,3,63,0.0025337837,xbox-01,solo,30
355,xI OoMpA Ix,account.3e95df9fe3624fa799a541a6be73e45d,212,833,4246,59,532,0.07082833,xbox-01,solo,30
356,chikitodatlas,account.c1e9f5bc734f4c9588a7545f831c7fb3,213,856,763,18,109,0.021028038,xbox-01,solo,30
357,sumtingwonggeeg,account.95aff7a4c4b94002bc09bd80a4a3ffea,214,943,904,10,120,0.010604454,xbox-01,solo,30
358,UltimoMallard70,account.12dc74383baf4f33be64c23a7161c0d2,215,1333,409,0,41,0.0,xbox-01,solo,30
359,MaxMaddog308,account.fdf9982310d9426cb1495ff7bf3c2e00,216,932,900,10,124,0.010729614,xbox-01,solo,30
360,crosslan1970,account.b2184fd4520e41ae90360dd54ecb9334,217,778,712,12,112,0.015424165,xbox-01,solo,30
361,ProDarksniper93,account.4d6798702fe04a8d8646fcf7d97573b2,218,971,1182,10,158,0.010298661,xbox-01,solo,30
362,Cas3yJ0nes,account.cd7a5730f9df4fe388ce0cd41d88796d,219,1159,1125,10,123,0.008628128,xbox-01,solo,30
363,JED1 KN1GHT 101,account.a8546a3dfab24a48aee0f68e105e7c48,220,959,852,14,105,0.01459854,xbox-01,solo,30
364,IIII B79 IIII,account.7fd669c88a6a46cba0e47972b710787e,221,1024,780,5,96,0.0048828125,xbox-01,solo,30
365,OviiXx7,account.7ccfe584d9bc4df99e7457688e0686af,222,1222,1288,8,128,0.006546645,xbox-01,solo,30
366,AlmondChip9007,account.721f771515c442fbaebe1988f75406f1,223,916,1902,31,230,0.033842795,xbox-01,solo,30
367,charles9433,account.097d644129ad41dabe2894ab22cd048e,224,697,2852,60,436,0.08608321,xbox-01,solo,30
368,The SmokePuppet,account.18a3d9eb82f54091a9cc87e6c8b7f543,225,786,715,18,117,0.022900764,xbox-01,solo,30
369,MasterDaniel68,account.ea6cd1a829974cbab68cb0eaa6c4884d,226,1015,965,14,111,0.013793103,xbox-01,solo,30
370,The gmoat,account.6ff47140f11f41b98cb8b76444548d08,227,986,2112,41,241,0.04158215,xbox-01,solo,30
371,ASQUARED87,account.b856b1a6419b40dd84692aef7a357daf,228,813,814,12,130,0.014760148,xbox-01,solo,30
372,Lakers49ersFan,account.f51f0132356e4e57b8248e703aecd0f2,229,737,1273,38,208,0.05156038,xbox-01,solo,30
373,CAPTAINxKRUNK,account.efd1aaab12aa43ffb96f9b357fffd00d,230,694,1138,33,204,0.047550432,xbox-01,solo,30
374,CyPreSS197726,account.7581d54f25fe4db087695f910a82fa86,231,1165,1116,14,124,0.012017167,xbox-01,solo,30
375,ZippiestBag388,account.952b9c94729b4463bc23eba3d76ab2b5,232,706,949,37,170,0.05240793,xbox-01,solo,30
376,Roverdale,account.9f48092655c5495cae07b0534120ffbf,233,703,553,18,110,0.025604552,xbox-01,solo,30
377,RefinedCookie50,account.adf017564eb849119b868b584d44844d,234,905,883,6,114,0.0066298344,xbox-01,solo,30
378,Barracuda61n,account.7e8bc115c01c4ecf9210775328a1a4d0,235,1294,719,0,65,0.0,xbox-01,solo,30
379,MafLlf,account.d7672c9bd40747c68361fd2e949a18a9,236,731,2237,41,342,0.05608755,xbox-01,solo,30
380,PilzHirsch24139,account.8ebe92bf3e0341d985778e3e1283d13a,237,1083,1325,5,145,0.0046168054,xbox-01,solo,30
381,WHITExBOYx007,account.f797f37f9e8547f6b29a53f2e87fb834,238,845,878,12,133,0.014201184,xbox-01,solo,30
382,SAVA6E09,account.a5b8e9c0b81745bb9a2ac50607f90373,239,1197,1184,8,114,0.006683375,xbox-01,solo,30
383,ezcob,account.b0d04fcd2270463eb3f426f18f580fc0,240,781,1213,19,195,0.024327785,xbox-01,solo,30
384,DR0PK1CK 33,account.1b12609d7ea144888b59908c4d46453b,241,724,821,12,144,0.016574586,xbox-01,solo,30
385,Boss RaDiianCe,account.b5c9a93805e44f88907cca1bafd3e850,242,956,2477,34,278,0.035564855,xbox-01,solo,30
386,FavoringWings91,account.c3be927ec2814be9bbcadb285454ee16,243,1876,1185,3,74,0.0015991471,xbox-01,solo,30
387,DETRIMENTALFOE,account.554089083c3b4b88bfefd6ce8d69bd44,244,875,820,13,119,0.014857143,xbox-01,solo,30
388,XxSixty ThreexX,account.cd80543c93bd441ca82a515d57f2d0f7,245,1229,869,1,92,0.00081366964,xbox-01,solo,30
389,RLMayniak,account.e600db56b17d4e57a47d6d9eac6c29c2,246,943,902,11,130,0.011664899,xbox-01,solo,30
390,Tame Rick James,account.a9184ce73d73429da751b3a51e07eebc,247,1081,1043,10,114,0.009250694,xbox-01,solo,30
391,Edgeukator,account.42234056d3bf40cba1024bdd19a146cf,248,834,794,18,121,0.021582734,xbox-01,solo,30
392,HYDROSCOTTY413,account.903e9d46c1ab46e98e0a83aea5c37e0f,249,814,606,13,106,0.015970515,xbox-01,solo,30
393,ChroIVIe 704,account.3f6e9ccb9f9942e7979f76e51c2c6bc3,250,652,812,21,157,0.032208588,xbox-01,solo,30
394,Fringe of Fate,account.bcc03e8ab46341c38e48df3231a581aa,251,544,2341,80,463,0.14705883,xbox-01,solo,30
395,VK Grim,account.bef52bf38f2b43e0b475ce5344b421d6,252,870,795,5,114,0.0057471264,xbox-01,solo,30
396,Hibakod404,account.7a4e6b4d2f2845eb9348ae1a82fec1a3,253,713,1338,17,228,0.023842918,xbox-01,solo,30
397,SpicyChicken252,account.8df8404f5f654502866b7d4f4cdc9c6b,254,1220,1195,7,110,0.0057377047,xbox-01,solo,30
398,Fisticuffz77,account.d7b9e79b97224a44b63b78d74c55ff5e,255,573,1312,48,255,0.083769634,xbox-01,solo,30
399,A7XJetranger1,account.b8f678793e334c4490c07ee9c3833b41,256,986,509,4,67,0.004056795,xbox-01,solo,30
400,PTG Anxious,account.5b518bceffc9436ea21a54f48f72d10a,257,641,1322,29,243,0.04524181,xbox-01,solo,30
401,PVILLE P0T HEED,account.0201811ab9b542db8e40e56cf46d29b7,258,636,1929,33,336,0.051886793,xbox-01,solo,30
402,BigBCrazy01Boy,account.feab505bd3ef4af3b217ec0c228ecf9b,259,764,711,23,110,0.030104712,xbox-01,solo,30
403,ii DoT CoM,account.f852b650fb764014873ac03eefd6c8e4,260,454,1379,78,363,0.17180617,xbox-01,solo,30
404,tartanterror40,account.5913598b39d243f98aa1d4b5f44a6958,261,568,980,39,212,0.06866197,xbox-01,solo,30
405,Sshaffer2393,account.4d6d92f18b634d199e82cec5ef0307fb,262,794,1626,29,243,0.03652393,xbox-01,solo,30
406,GeneralxTurret,account.a0b8318193eb4defa489a1c8a767fbda,263,942,928,10,128,0.010615711,xbox-01,solo,30
407,HUGE EUG,account.6edcfdfb4d73458a86275e882a31fe1e,264,695,594,22,108,0.031654675,xbox-01,solo,30
408,LuckyCaboose,account.f85aee6d8da147758a6e62deb6c89623,265,1292,1257,8,120,0.0061919503,xbox-01,solo,30
409,Marce1ostron,account.934ce1a8dd6449908f28e97951bf52d5,266,408,919,86,258,0.21078432,xbox-01,solo,30
410,ImHardHighFive,account.dd7b584dfa7647dc9a215d631d4c9cf2,267,582,1264,51,258,0.087628864,xbox-01,solo,30
411,xXxPEIJJOONIxXx,account.6946402d8f8542a88b84e96d3f270f0c,268,545,1256,45,278,0.08256881,xbox-01,solo,30
412,KROMWELL77,account.f133db0c071b4d11b2fe5533ece6665c,269,643,566,24,115,0.03732504,xbox-01,solo,30
413,bebestelrooy,account.8ec390132af14d2aa743d4d1309bf3b3,270,747,726,27,113,0.036144577,xbox-01,solo,30
414,GrandpaGunner1,account.c90b24fc9840425489cdd70778afb55f,271,975,639,2,85,0.002051282,xbox-01,solo,30
415,TokenJ719,account.adf761fe00664c9fbd2af42c0863d7b2,272,1297,1179,3,109,0.0023130302,xbox-01,solo,30
416,SPLIFFCITY01752,account.c071548d29e44297978f7503c2aeb48a,273,1154,224,0,30,0.0,xbox-01,solo,30
417,mogumogu1225,account.e6c2566ab8e04db685bdcd57311dfa33,274,870,894,16,126,0.018390805,xbox-01,solo,30
418,Nato6ft2,account.7bf8218d5c4a405fa54690117d9b1993,275,756,684,22,124,0.02910053,xbox-01,solo,30
419,Thumbless GaGa,account.ae29b9f27a724bee9cd194cb67c996f1,276,527,4263,142,834,0.2694497,xbox-01,solo,30
420,Gohastfacekilla,account.890f2130a36f46eb9bc812521d1e3c8f,277,1344,428,4,45,0.0029761905,xbox-01,solo,30
421,DamagedCOOT,account.61808ba3d8bf480891c8e180bc703fd6,278,714,1146,38,189,0.05322129,xbox-01,solo,30
422,DozenthSpace734,account.82e7f72826c34756a2c275777c0b6e7b,279,1515,653,3,54,0.001980198,xbox-01,solo,30
423,MiniGlock43,account.4ff7499f7098401bb9f9a95a32489926,280,977,708,6,95,0.0061412486,xbox-01,solo,30
424,Thekingwilli29,account.12980ef0264f4cc3a768f58c4cba4939,281,757,1750,35,277,0.04623514,xbox-01,solo,30
425,buckeyz1,account.797003d87cf6469fb93847bdd29698bc,282,932,468,3,65,0.003218884,xbox-01,solo,30
426,Slow210,account.c4f6062795ef4251a66c9487a51b2e81,283,1209,1022,3,106,0.0024813896,xbox-01,solo,30
427,Goof283,account.aecea6f48d97416c878affa87fb3df3b,284,648,594,16,121,0.024691358,xbox-01,solo,30
428,uberbend,account.13a6e34307104dfcaadff528e6c38f84,285,421,1936,110,501,0.26128265,xbox-01,solo,30
429,CanineTour93181,account.5bdb11af85234988ac460567c633ab20,286,1791,397,0,31,0.0,xbox-01,solo,30
430,Scorpionchris88,account.fcacc4a3a8f14f55adb842ab2c244832,287,1786,559,0,39,0.0,xbox-01,solo,30
431,INSaluki,account.edd6b091e35743adb64e368ef9f58bd5,288,740,654,11,99,0.014864865,xbox-01,solo,30
432,giggsCNY,account.9736eb34954f4fa5925a4fd2d9cd4dea,289,999,970,7,115,0.007007007,xbox-01,solo,30
433,Sorrell1961,account.a6e82ca9e1e149678b9bf6b3eedc1c65,290,1199,323,2,43,0.0016680567,xbox-01,solo,30
434,SolemnSierra117,account.fa2993c79efa465a84b35eb9176354f4,291,797,758,9,117,0.011292347,xbox-01,solo,30
435,kongjaPAPA,account.b64ff809fc344d45b07ede6d8e3e2a47,292,585,1260,48,245,0.082051285,xbox-01,solo,30
436,NaterGate,account.803f5c85e2ae4cf4b630a1035523ad43,293,1120,1098,5,120,0.004464286,xbox-01,solo,30
437,M3RCIL3SS SM0K3,account.a5327b809d3445ec9af917514e3c4799,294,616,1596,50,287,0.08116883,xbox-01,solo,30
438,HEADshot509z,account.e37e531245734b64af2f91a989a4ac93,295,969,914,15,111,0.015479876,xbox-01,solo,30
439,MR KRIPLING,account.7a816fb1f79f451393bb6bddaac74995,296,661,862,26,154,0.039334342,xbox-01,solo,30
440,digitalazzassin,account.b55e91be35624e51b9b5600e32d0aa59,297,894,853,8,117,0.008948546,xbox-01,solo,30
441,HUGOGUZMAN82,account.a2274714c794410cb1762a5a0e374b5b,298,707,616,21,104,0.02970297,xbox-01,solo,30
442,AFG Popps 5,account.41ca01013bad49539d3ed283f3116b87,299,684,565,10,97,0.014619883,xbox-01,solo,30
443,SanNotStan15,account.8eae315f2cb84aca99524dcf821c29d6,300,660,1970,33,365,0.05,xbox-01,solo,30
444,MaritimeGRIME66,account.d4c187d0d7d7416a91994bc8a7259232,301,1029,629,8,78,0.0077745384,xbox-01,solo,30
445,TigerToa,account.bbb4f98f91144b8fa227bc667fa81e9e,302,895,1397,12,180,0.013407821,xbox-01,solo,30
446,matagringos280,account.6102467c9fb24fa39e8f2b743143acc0,303,1470,1011,14,83,0.00952381,xbox-01,solo,30
447,LetterBombx66,account.870932170af4407487b02fad78e24daa,304,736,983,11,172,0.014945652,xbox-01,solo,30
448,Bully PG,account.1ea293f5c5b24a8e9e2056754cb81984,305,555,3066,80,587,0.14414415,xbox-01,solo,30
449,Budman7,account.05d4233a4c4245138932a0979b1ec457,306,1386,1378,3,122,0.0021645022,xbox-01,solo,30
450,PUBGeezus Jones,account.0b16c754b93742d1a344c40b8aeaa911,307,765,695,17,95,0.022222223,xbox-01,solo,30
451,JacobsPepPep,account.9b85c952bc784ff28e2be697b654563d,308,1219,1129,13,115,0.010664479,xbox-01,solo,30
452,DetectiveBrisco,account.df569a84d89a4d908343d7305ed5df09,309,672,1224,23,218,0.03422619,xbox-01,solo,30
453,REDLIGHTBOY69,account.18e127950bea4a33a5ade51f280aaade,310,754,2009,21,299,0.027851459,xbox-01,solo,30
454,Mx Hacki 251,account.5c780be3821e430ab171d427327da057,311,1018,677,0,86,0.0,xbox-01,solo,30
455,DEVILINA87,account.5133b1e939f648f1a54f1d0785238ad3,312,725,580,27,103,0.03724138,xbox-01,solo,30
456,BOOTHxxxx,account.a213dcf797ad4dac9991eef09ed1b86e,313,1034,1000,10,115,0.00967118,xbox-01,solo,30
457,celsomaia5079,account.4d79f12d4b4543e8bb5f88e2b177bc3e,314,665,1040,18,184,0.027067669,xbox-01,solo,30
458,DarkMonster1088,account.8a2ba1c880444119950f813e4afe078a,315,953,893,19,108,0.01993704,xbox-01,solo,30
459,Ahmad Goran 100,account.91e543e7904641a4b79a9a4b8d0006a9,316,869,1633,29,212,0.03337169,xbox-01,solo,30
460,SekalfG3,account.145fe6c5986440d89abdc8dbd677fd79,317,707,730,34,125,0.048090525,xbox-01,solo,30
461,marel1000,account.00832195944649549e8224956ac2f74f,318,682,922,9,162,0.013196481,xbox-01,solo,30
462,xBANKHEADx,account.a9746cdfca0c4fac9435dddb778681b4,319,846,770,9,111,0.010638298,xbox-01,solo,30
463,predatorstalker,account.3cf425ac19474019b5f1bf56c63555d6,320,1010,767,8,96,0.007920792,xbox-01,solo,30
464,PAWBREEZY,account.585b9dbfa62246a080d77bdf604a58c0,321,877,877,3,116,0.0034207525,xbox-01,solo,30
465,RustedRooster73,account.be848c3077b943d687ba6d9172096c2c,322,1022,1105,11,137,0.010763209,xbox-01,solo,30
466,sniffy snach,account.60c91b565e424b42b92a0bca837aceac,323,833,826,5,137,0.006002401,xbox-01,solo,30
467,SquareRumble108,account.028fdf5943a44867aafa55dc125d6b57,324,1030,893,9,99,0.008737864,xbox-01,solo,30
468,Vector cruz918,account.4e7ada23572143f397046d34777a9c67,325,758,706,13,112,0.017150396,xbox-01,solo,30
469,Coppa Shatta,account.fa56c813545e4b08997ee6538b21b767,326,1041,703,6,81,0.0057636886,xbox-01,solo,30
470,NetO JerKIN,account.4e81e1e1ad3c499f879ad7c93695704a,327,659,1024,16,183,0.02427921,xbox-01,solo,30
471,Babavega,account.32c0285855dc437eb79815afb19ff154,328,1495,446,0,37,0.0,xbox-01,solo,30
472,SOULSTEELA69,account.fe0a120407404fdb837e94b4a9403464,329,775,441,7,79,0.009032258,xbox-01,solo,30
473,Pylesfamily71,account.c88e027aa68340f5a0a86886824288df,330,1199,585,1,63,0.00083402835,xbox-01,solo,30
474,Mr Bungle1971,account.a97ee9b615f1440e884fd9e159f74187,331,881,777,5,117,0.005675369,xbox-01,solo,30
475,matheusmagool,account.9a49a1c15e54446d96b53dbf0f5ebe32,332,1105,139,0,20,0.0,xbox-01,solo,30
476,jaketjriley,account.6ba39d9edf4b47f29385774633bcf7a5,333,839,1612,27,227,0.03218117,xbox-01,solo,30
477,L1g3rSty13,account.3f1df34cd69044ccb88865bdb813cd28,334,583,643,24,136,0.04116638,xbox-01,solo,30
478,YoungGoon PUBG,account.d02c5e9c960f42ccb138778a67a0cd74,335,511,1712,70,375,0.1369863,xbox-01,solo,30
479,ThinGibbon39555,account.0604be9a00334558aca5eafba61ffd97,336,1742,623,0,47,0.0,xbox-01,solo,30
480,DeerSlayer2436,account.47e8f3877ca44d7da3b7bdc82563c31f,337,702,648,16,119,0.022792023,xbox-01,solo,30
481,CureCFdad1,account.91bd5f5df7664658beaa17ade1b53c1a,338,951,1155,9,147,0.009463723,xbox-01,solo,30
482,AZTrogDog,account.174f0e7877a143a2918f7363cea3224c,339,785,621,9,93,0.011464968,xbox-01,solo,30
483,R4ni3l,account.b424e009755f44a39e50d578102c742c,340,1095,684,1,90,0.000913242,xbox-01,solo,30
484,Busydannileeb,account.19ae5dfac1094d10bc898cea1645aafc,341,697,1338,15,221,0.021520803,xbox-01,solo,30
485,TrueRealest,account.b31d6cc47ef0494d92abc4a7edb70916,342,797,1074,12,161,0.015056462,xbox-01,solo,30
486,DenilsonLeao,account.10c1927b931040618fe8daf272fb932e,343,580,968,25,201,0.04310345,xbox-01,solo,30
487,whatsHISname44,account.f53cb5bf46b24160b94d1bc1c2957bd2,344,825,643,3,92,0.0036363637,xbox-01,solo,30
488,ten8pop,account.64bb3c252a8f47798efcff167249f487,345,753,1533,14,246,0.018592298,xbox-01,solo,30
489,Monkified999,account.6e540cbbeef14db692115dcf117dca7b,346,787,718,9,105,0.011435832,xbox-01,solo,30
490,XxHypeNotizerxX,account.970e7b96fc024e86b754417e6bf14d7a,347,591,2401,39,463,0.065989845,xbox-01,solo,30
491,iWhyte1MIXER,account.1413186eada14df09de1fce10de51b26,348,663,1677,28,281,0.04223228,xbox-01,solo,30
492,psychodethclown,account.0af704b5a738428689906d9b25e78e36,349,885,1212,7,167,0.007909604,xbox-01,solo,30
493,Rob Direwolf,account.c4207e3bc9ed44a8a466d10d0bf6417b,350,1163,682,4,73,0.003439381,xbox-01,solo,30
494,Col Nightm4re,account.916a74d1d56b495c92e4505c573e54dd,351,1032,329,3,46,0.0029069767,xbox-01,solo,30
495,TCHOPPER666,account.8da6c44c29e642bbbb9fde37617073e9,352,785,658,10,112,0.012738854,xbox-01,solo,30
496,ChurchBaller,account.8c55d6e5380044f7915eb0d518e83bab,353,700,1690,39,279,0.055714287,xbox-01,solo,30
497,KinglyCentaur97,account.b2ea43c950234d36820723498f182cd1,354,1026,997,8,111,0.007797271,xbox-01,solo,30
498,dangitbobby75,account.7a9dcdd4acad45698fb6d7eba87b3704,355,1073,1091,3,126,0.0027958993,xbox-01,solo,30
499,ComeGetSome727,account.7ca6444cbda64f5fa65a44b218cd0cf9,356,799,1120,9,170,0.01126408,xbox-01,solo,30
500,wtkjelu,account.def85ddea3ba4fbda2186f54cfde464f,357,1191,532,1,61,0.00083963055,xbox-01,solo,30
501,Wignuts999,account.7e3adc5ba0cf4605a76793ca01337c9b,358,497,1103,44,260,0.08853119,xbox-01,solo,30
502,Batoosai7,account.9610ea9ebd504597a9570b4fc380efc1,359,820,764,11,109,0.013414634,xbox-01,solo,30
503,Game God King,account.dfd4b25aeff54fc0a58c73fb16616aee,360,439,1137,62,294,0.14123006,xbox-01,solo,30
504,SilentBessey,account.bde508d661ee4766a7a792f459e8a562,361,540,2190,69,446,0.12777779,xbox-01,solo,30
505,Llagartpo,account.bc15ff13e8124c5bae44c71ec3676aa6,362,1995,557,0,36,0.0,xbox-01,solo,30
506,xxSMOKExxx,account.c1244f151b3841d0991aa83adbf35734,363,608,555,24,112,0.039473683,xbox-01,solo,30
507,DazedRelic76,account.48e2b39babcb45b2879eb841610ce0f9,364,714,670,13,120,0.018207284,xbox-01,solo,30
508,ShockedPrism594,account.d302b3197c5e49538f2816f8f3bbf37f,365,1074,1440,3,164,0.002793296,xbox-01,solo,30
509,bredfieldtough,account.948d55dc6f054a4bbd89dd4b9e26686c,366,1006,386,12,52,0.01192843,xbox-01,solo,30
510,Rocky IVs,account.297115732cdf47eeba57f2ccc576715a,367,876,482,7,63,0.007990868,xbox-01,solo,30
511,GarishTrout,account.15004b787da346bea809298ae32e7bec,368,651,583,18,107,0.02764977,xbox-01,solo,30
512,hyatt90,account.57618d70c46046b28cc75d329a3b33cc,369,626,1740,49,326,0.07827476,xbox-01,solo,30
513,Felsbienchen400,account.2d77ed660a14469f9e363f5cbf4d7a4d,370,586,1061,16,197,0.027303753,xbox-01,solo,30
514,Safuu,account.df740d1627ea4dcbad1bacdc70fc7d4e,371,1565,1530,7,110,0.0044728434,xbox-01,solo,30
515,Farls1998,account.a51dc57a5d914754a44a2e351bc473ba,372,676,807,12,143,0.01775148,xbox-01,solo,30
516,loveurb69,account.6ee490cd6db544af88662fd59cd11f95,373,1001,873,31,105,0.030969031,xbox-01,solo,30
517,northpower73,account.1b8137dacb114e6abff37acdbf1bdc13,374,1071,202,0,30,0.0,xbox-01,solo,30
518,ThE4Pu2ff0,account.26d9f2a4200e46a99ab710c02c4830ca,375,1119,1394,5,143,0.0044682752,xbox-01,solo,30
519,smokey420smoke0,account.210c126e6e6c4959aa29248572f0bd3d,376,901,868,11,121,0.012208657,xbox-01,solo,30
520,tomDOODS,account.c55a354506574066aac0dcc2b408674a,377,659,1672,37,287,0.056145675,xbox-01,solo,30
521,CoolSIGGY0369,account.f7e677e0f150430bb30e022b1b70ac17,378,699,616,21,106,0.030042918,xbox-01,solo,30
522,WickedWolf333,account.8ef7ca94ff4d4a14ab996a665158a2bb,379,796,572,15,95,0.01884422,xbox-01,solo,30
523,lllMemes4life,account.8df87a89692f477fa89fb8314941a1a6,380,1203,1152,12,119,0.009975063,xbox-01,solo,30
524,ComeGetchaSome7,account.a5889802ddcc4f8abf2d01e50b78febc,381,827,713,20,104,0.024183797,xbox-01,solo,30
525,Chuke Smoke,account.d43b6aceec5046189b91f50a3d327e24,382,1194,1182,4,121,0.0033500837,xbox-01,solo,30
526,MikeGuns10,account.f103bbca4645427cb1800c6e053fd10f,383,1130,1987,10,196,0.0088495575,xbox-01,solo,30
527,HungryMonkey420,account.06301e82276743f285bf8ad8da8e9adb,384,742,1138,9,181,0.01212938,xbox-01,solo,30
528,Marvin Slayer,account.c738c3a43b974de68b599a3986db5a63,385,531,475,17,111,0.032015067,xbox-01,solo,30
529,Mekquake,account.844378db3dc3472d99644eee5eb580ab,386,678,700,11,134,0.016224189,xbox-01,solo,30
530,wizardO3,account.7517541f32504bd5aa2228b31a96c339,387,903,1325,21,170,0.023255814,xbox-01,solo,30
531,Kira Cosplay,account.cda4df839e844ee69692e58cf1f3db26,388,1079,929,4,98,0.0037071363,xbox-01,solo,30
532,BamzortheOg,account.726f2d41b9b7409090be3369123adef8,389,714,685,10,120,0.014005602,xbox-01,solo,30
533,SNIPER8541,account.6f24faa4f4ef4fad9f3971250eb19577,390,731,698,12,120,0.016415868,xbox-01,solo,30
534,alpha icon,account.5d3f9349e9b44d9082054f26955debd9,391,799,796,10,120,0.012515645,xbox-01,solo,30
535,Gelsinho7,account.7f8a5e2cc00b4ce28ca98fe48b220c5a,392,829,865,11,132,0.013268999,xbox-01,solo,30
536,MaxiMagoo,account.48b18ce4bd5045db8723f9baed19240a,393,926,502,7,75,0.0075593954,xbox-01,solo,30
537,BigChillin23,account.4370ed51d0514c979eeed724aa96c89f,394,924,929,8,124,0.008658009,xbox-01,solo,30
538,stabeduhaha,account.360efe9ca0644a28baf407be41edce34,395,623,1246,34,250,0.05457464,xbox-01,solo,30
539,SeaUlanUde,account.4ff7b2c3865441b797b2fa96905d7ad6,396,684,630,13,116,0.019005848,xbox-01,solo,30
540,MY40CALGLOCK,account.f8753ff557ca4ca18f67d1c4b98b85c9,397,616,737,17,152,0.027597403,xbox-01,solo,30
541,b1ggusd1ckus98,account.eb991f048cd647ae8f1402c2cbea2c0a,398,762,621,12,95,0.015748031,xbox-01,solo,30
542,bigSimpin,account.838a72aad2db41aab8331b148ded7b5a,399,643,877,17,165,0.02643857,xbox-01,solo,30
543,papi04,account.f4f9dd429cb84573ad15c9172a4e997f,400,848,828,8,121,0.009433962,xbox-01,solo,30
544,jarles acre,account.7e35890a2131430d90d1bc66a97e1cb2,401,772,1411,16,209,0.020725388,xbox-01,solo,30
545,aclichename,account.d07c2ac72d05451c9cc8ef0a5e7076f5,402,1015,961,16,111,0.015763547,xbox-01,solo,30
546,MasterScammin,account.974b81508a9d4a5eb5b712e3e91863b7,403,696,647,13,119,0.01867816,xbox-01,solo,30
547,Xsandr 123,account.d95cb093314946458e7e67e17342efff,404,765,1720,7,262,0.009150327,xbox-01,solo,30
548,JSpack777,account.a0dc6042744b4b959a69eabd3390bd9d,405,782,957,6,147,0.0076726344,xbox-01,solo,30
549,BriggsyD2669,account.2bba81229c08479ebed63b78cf33c530,406,788,732,14,118,0.017766498,xbox-01,solo,30
550,zekwe77,account.3276286c29ba4d238cf9d5ecfc6b8456,407,1128,534,1,62,0.0008865248,xbox-01,solo,30
551,BlessedCrib7555,account.a1e19c02c5ed42efbcde7b982d76d022,408,829,806,5,123,0.0060313633,xbox-01,solo,30
552,MiltonFreedMen,account.a3dc1dca12f0409d880f711bc9012a4c,409,534,896,21,203,0.039325844,xbox-01,solo,30
553,Dr Bc Charger,account.30100d1e411944e5addf298ef82cb120,410,1243,948,4,96,0.003218021,xbox-01,solo,30
554,EROGhost3000,account.33a56ddee5334ff89087e77ada00ded8,411,628,530,12,107,0.01910828,xbox-01,solo,30
555,Demoboy420,account.9becdce35dd44598ad00ff6554e9e74a,412,1251,376,1,41,0.0007993605,xbox-01,solo,30
556,nmdhrm2513,account.856514dab8f642c7ac186d5b8b7c8744,413,632,1282,17,249,0.026898734,xbox-01,solo,30
557,ToneLocOG2tone,account.f9b3ed333673436ab404df68998be385,414,642,1036,16,192,0.024922118,xbox-01,solo,30
558,Raoni ayrton ni,account.c1abf5b7e791411db133875a4d5b0aa5,415,710,704,12,121,0.01690141,xbox-01,solo,30
559,Genius H Christ,account.71283dc6ef9b466c94afc46bf5ca6c78,416,800,1247,23,184,0.02875,xbox-01,solo,30
560,Scotty2knotty,account.e04f8feda2cd43b2978d4ef40ecbf850,417,923,904,6,115,0.0065005417,xbox-01,solo,30
561,GAMBIT9090,account.b1044f7951394c4c90df8ad4b9315821,418,767,579,51,81,0.066492826,xbox-01,solo,30
562,ANTONIO MCMLXXV,account.352f6737357d4ae39064af8e065d7633,419,473,849,37,212,0.0782241,xbox-01,solo,30
563,Spindola34,account.aa535ae4474e46e383b90b93b0155b71,420,566,632,14,138,0.024734983,xbox-01,solo,30
564,X Cpt Boom,account.cd6a378cc38d46b0b59f4e73d38cb6d9,421,713,1143,14,205,0.019635344,xbox-01,solo,30
565,Time2kill4real1,account.e62ee2e207ba4257885c95e2a2bb4d9f,422,531,749,16,170,0.030131826,xbox-01,solo,30
566,PeterParker88,account.2cfb80618da84da9ae7f79035b0c7104,423,939,874,17,111,0.018104367,xbox-01,solo,30
567,Ristoff Dervish,account.d8aeadd6b1164474a195f7c631e8c31d,424,862,819,12,115,0.013921114,xbox-01,solo,30
568,GanjaAndBeer,account.6aff129f7ead4fbaaba6df7b2ada4082,425,603,604,14,131,0.023217248,xbox-01,solo,30
569,MadMoff31,account.3a92553617314e7eab6648eea2a4c56b,426,639,634,12,135,0.018779343,xbox-01,solo,30
570,DatedRobin8,account.2eba623e45414a3481927754064281a8,427,796,519,5,90,0.006281407,xbox-01,solo,30
571,I am legend6997,account.bf204560d47a4310885b4787d290cf14,428,1099,1084,3,116,0.0027297544,xbox-01,solo,30
572,TerpSauce 710LV,account.c1e11829e96d4a64a1c30b05180a21c0,429,851,821,11,117,0.012925969,xbox-01,solo,30
573,thanx4trying,account.cf562e3d1500495c840ff69803364a1b,430,851,736,15,105,0.017626323,xbox-01,solo,30
574,BURNO DOWN,account.7a287e1997284d988d7109a8b44507f0,431,883,854,7,117,0.00792752,xbox-01,solo,30
575,Bigdawg3725,account.8911cd43e80e4697a130ffd2ec47ee11,432,794,748,7,115,0.008816121,xbox-01,solo,30
576,mr muffin 951,account.f494dc3549694c8bac1e2a6799f581a4,433,691,659,7,116,0.010130246,xbox-01,solo,30
577,BIGGUSx64,account.26132aa0acb54db98db91743e2eac630,434,955,484,3,61,0.0031413613,xbox-01,solo,30
578,HUMPHAMM3R,account.92c0c0fe80fd406ba5f3bebe528a8d05,435,530,1019,66,226,0.124528304,xbox-01,solo,30
579,ISHKALAD,account.7abd9b1d6906421e94cdc438ae1a1574,436,424,1020,49,281,0.11556604,xbox-01,solo,30
580,BiannualMars5,account.9699c9ae2351470bb0d5dceab52d5ee4,437,1570,476,0,43,0.0,xbox-01,solo,30
581,Magnavox TV,account.b90676a6b006467da0e5ebae4f7b77e7,438,573,530,9,118,0.015706806,xbox-01,solo,30
582,Dark Seaturtle,account.4762d38f4e534a0e9aebbc4b4dd4fce5,439,652,629,13,119,0.01993865,xbox-01,solo,30
583,wiLDmAn326,account.de9c6d85df3f476ab93a5571155d147a,440,998,895,12,107,0.012024048,xbox-01,solo,30
584,welderbdm,account.f91e7a66c4f0444db2e0bf1561e6bf36,441,505,1236,49,282,0.0970297,xbox-01,solo,30
585,MajorStinkee,account.4505d1abd5524bb5bab14d1419a3b972,442,692,637,15,115,0.0216763,xbox-01,solo,30
586,nzKolosus,account.8c7a04ad456f4bd88f1755f48d849882,443,371,1371,66,445,0.17789757,xbox-01,solo,30
587,TrendKiller1977,account.bde06b28a2434ecab023119413356e93,444,724,704,6,128,0.008287293,xbox-01,solo,30
588,kirbdre4,account.e89fca298bee4f7f926e1e0d18614825,445,746,714,9,120,0.012064343,xbox-01,solo,30
589,JohnnyBBad6669,account.8be90222c80d474baa126f27336a12c5,446,974,364,3,48,0.0030800821,xbox-01,solo,30
590,BLACKHAWK110268,account.fe986ac62f1848c4b6da2aa2aa421a2b,447,849,834,5,133,0.0058892816,xbox-01,solo,30
591,Tagga 99,account.b04156678bb8470cb0c3ff5b9a31d6f1,448,398,1067,69,308,0.17336683,xbox-01,solo,30
592,RvDogs MR GOLD,account.8e724077d28544b49791d0c01a6de26a,449,704,965,14,172,0.019886363,xbox-01,solo,30
593,heldertimao479,account.592b01d27c3946af9d49a2f30c424b46,450,1032,1073,3,123,0.0029069767,xbox-01,solo,30
594,CHAMACOshrtBUS,account.c8b33c1faca2473ca1ef67f3162a78de,451,537,496,17,124,0.031657357,xbox-01,solo,30
595,waynek09,account.8cd9b510b9c04aec897630964c615881,452,941,936,3,125,0.0031880978,xbox-01,solo,30
596,Dave T1,account.8e179114526d4e16a5b7454f4a3d033a,453,1099,1305,4,150,0.0036396724,xbox-01,solo,30
597,SALZMAN SLAMMER,account.51d42adddc6c464ea03b7b08ffd751cc,454,645,1418,22,251,0.034108527,xbox-01,solo,30
598,EKTF Pvt Hachet,account.5854f88ec16c412494e064ab58159cf0,455,673,1614,49,281,0.07280832,xbox-01,solo,30
599,WEEDLadyG269,account.349d652c6a724dea87fd2f37b68b5e59,456,863,532,11,81,0.012746234,xbox-01,solo,30
600,EXTRACRISPY45,account.d49aa6351a7f49d0bd009a98d489a9f1,457,683,627,16,106,0.023426061,xbox-01,solo,30
601,Donibrasco81,account.c1e21e490fb94868967efdc995078e36,458,566,896,12,179,0.021201413,xbox-01,solo,30
602,x Wreckdem x,account.13173120c0ac474284a44779f8fedd69,459,770,724,9,118,0.011688312,xbox-01,solo,30
603,TooToasTy x CbS,account.c150bf559abb466884ab7e6f02099a52,460,589,588,6,117,0.010186757,xbox-01,solo,30
604,stonerjsimpson,account.a4d9b266a21e47bfb6d9037d2083d6b1,461,735,718,14,127,0.01904762,xbox-01,solo,30
605,SLAPI GR,account.4fa1283256e0415daebe82d711c4c8ce,462,570,1458,42,282,0.07368421,xbox-01,solo,30
606,SickHunter02,account.6a05e28589f94087a5f09359958c28b9,463,477,1061,52,257,0.109014675,xbox-01,solo,30
607,Hella Scary,account.0089acf32edf4c9c8ea830b617fe83e8,464,321,1644,118,563,0.36760125,xbox-01,solo,30
608,matias hamasaki,account.8a8a2bf6d3dc416a847cd4d7253b6f1e,465,955,738,7,104,0.007329843,xbox-01,solo,30
609,The Abstract305,account.b0f3534fe12a4becb6b7c74258b4ed3d,466,775,710,28,100,0.03612903,xbox-01,solo,30
610,Daddythx,account.b0a66759f6144f6586a59592a50a8b8b,467,1066,738,3,82,0.002814259,xbox-01,solo,30
611,Cozy Wood,account.a7cc0975f4214dda9232f25a705a335a,468,1634,1182,2,90,0.0012239902,xbox-01,solo,30
612,cjtactics,account.71d2b82d418c49408d2abcf6888bf0a4,469,467,1865,56,453,0.119914345,xbox-01,solo,30
613,RICHARDSKINNERZ,account.8cde0a2ee6954cd69d2c5ac212b86c83,470,697,637,17,116,0.024390243,xbox-01,solo,30
614,myki11 101,account.950710318daa4fa583b2a6d78eee6d3f,471,963,785,3,103,0.0031152647,xbox-01,solo,30
615,AKAArthur,account.ba9b14a5755f470e809609c6802ea069,472,588,629,8,139,0.013605442,xbox-01,solo,30
616,ForTwinT 1970,account.c3f44ab11e894a5dbae7676036dd60f6,473,1511,705,0,59,0.0,xbox-01,solo,30
617,old dog re,account.e39d9ad82e414f64984f6bb91524d2d6,474,1268,510,0,55,0.0,xbox-01,solo,30
618,PRIVTATE PARTS2,account.a73ce3efbb714a42b16222fca1f00052,475,507,926,49,212,0.09664694,xbox-01,solo,30
619,GoryPeewee1964,account.4d0cc2935fbd44b5b2a49df5c593a46e,476,738,685,13,118,0.017615177,xbox-01,solo,30
620,UnarmedSwine,account.1c22801123bf4c65a9cec1d42f853616,477,682,628,14,104,0.02052786,xbox-01,solo,30
621,ExtremeCashFall,account.fedf9fccb21b454f8054c62192fdca90,478,491,817,31,188,0.06313646,xbox-01,solo,30
622,ThugLawyer,account.db4020d812c64dcba02688ea39ac0db2,479,1039,977,2,109,0.0019249278,xbox-01,solo,30
623,LordXiphos78,account.90b6dc0b03294e5f80972eea2b42acb3,480,652,669,10,119,0.015337423,xbox-01,solo,30
624,cleytonfak00112,account.cd5c5c7ad5ae410786d46c60a337f7ac,481,1167,677,3,73,0.002570694,xbox-01,solo,30
625,HEAT 212,account.2370f359752447459d42a1e584551ea1,482,580,1074,35,228,0.060344826,xbox-01,solo,30
626,Verteego9,account.85f499ac3f3946ae8382f3df588829c5,483,944,851,9,110,0.009533898,xbox-01,solo,30
627,Abd Sulik7,account.1f345c2457734ec6a7b6b44f515cc3ed,484,850,828,6,120,0.0070588235,xbox-01,solo,30
628,oOTeaMRussia,account.2f5fac7dc87b4df6aa879099fe60db2c,485,334,1504,71,589,0.21257485,xbox-01,solo,30
629,GotDamnDetroit,account.afef0a2822d0457b8a0a5c52b46330dd,486,532,1516,49,318,0.09210526,xbox-01,solo,30
630,Stevioso,account.5a4b8b67475049ec9c44f14791052e54,487,903,1014,8,147,0.008859358,xbox-01,solo,30
631,obxgunsmoke252,account.38fce67e10e242f787489d85258d5e02,488,646,590,16,119,0.024767801,xbox-01,solo,30
632,pauliegone,account.e7f68f1634c74f87938b43d6b9b9092e,489,809,942,9,145,0.011124846,xbox-01,solo,30
633,gdoug13,account.f387177b87e443f6b2bece5d47772040,490,613,756,7,153,0.01141925,xbox-01,solo,30
634,Broncomaniac32,account.7eeab7b31d774c5a801e3a7f9a824a56,491,749,693,8,115,0.010680908,xbox-01,solo,30
635,ItsAndrewMcL,account.eb1d0cb7370647968f37b58b8de04751,492,907,854,13,117,0.014332966,xbox-01,solo,30
636,xKINGDJx69,account.fa3d2c8afb72491182674a645e27c2b7,493,1018,343,2,47,0.0019646366,xbox-01,solo,30
637,RockFeather8255,account.852f9718d655472cbb1c80aed34f8411,494,560,1031,23,219,0.04107143,xbox-01,solo,30
638,tommy buzzbang,account.b56bc840fc42497f871dba041020141f,495,705,720,16,131,0.022695035,xbox-01,solo,30
639,FredyMercsTeeth,account.4f81907a8ea44ed88dcd6456e36bbda5,496,916,681,8,90,0.008733625,xbox-01,solo,30
640,DMaintenanceMan,account.1fa4256076144155b45f674956af82dc,497,561,514,12,109,0.021390375,xbox-01,solo,30
641,celsorico,account.08c7062c36774f8abbfb60f6646113ba,498,887,475,6,71,0.006764374,xbox-01,solo,30
642,JustPhilly69,account.931cf2e9ba90427b9a1662e7522ba1fa,499,565,460,27,102,0.04778761,xbox-01,solo,30
643,Krayyz,account.75cfd210686243c8bc947fd244f000e4,500,744,676,10,115,0.01344086,xbox-01,solo,30
