,type,id
0,match,b62ce27e-d6c8-47d7-bc0b-d7c16858074f
1,match,920cdf19-adec-4f0a-99e3-6e03dde7aa5c
2,match,02e8332c-55aa-417f-9615-8794342a0d9c
3,match,cc15050c-9b83-4cfb-a575-2b328a66646c
4,match,a75db296-5b70-4b36-8493-2b97f5543759
5,match,f53be974-a518-405d-bb4e-680e72cd8f70
6,match,8d5a301d-f596-43d8-bba4-62494e260781
7,match,679797e2-62a7-4e37-a6fd-7318f99898b2
8,match,0338584e-8ac1-4c26-bc98-795c60b20612
9,match,24ff1f9c-9b2a-4409-b701-3248c3ffcd21
10,match,2de2ded1-e684-4312-b9b6-2bfdf8545d7b
11,match,143163e1-518d-44cf-8719-2341041f154b
12,match,46e42226-16bf-4774-9193-0652d8e3b238
13,match,d1d77d06-4423-4aeb-a80e-8b7fc7580ff6
14,match,c0fda7e9-7a0a-4e95-9334-65792c74c2cb
15,match,9ff66bf0-f0b5-4ab5-955b-d969a98e0f80
16,match,9bdb1129-9056-4ab6-94db-c3186f3a05a2
17,match,c33e183d-06a9-477e-9874-2fa41903a13f
18,match,485fb42c-1592-4dcb-9a51-df789ff2beb5
19,match,5648c0f5-3493-4dda-afe5-efc9000ee442
20,match,4202e61b-17a6-4376-8f1b-1664d849a3f7
21,match,e6ddc17d-ad44-4671-8ac1-f91ad320c578
22,match,93008cfb-9d5e-4d52-9417-806561ca0af7
23,match,fad50ae6-0bcc-41a1-bd0f-af807822aec4
24,match,160b072f-cc1a-4f5a-8620-c7d62f8c81d6
25,match,1355f072-045c-47af-ad1b-faf72df35030
26,match,ef42b87a-4710-4c70-b6e7-61fd5690014c
27,match,1e15bded-ccb9-4801-919e-5903b98608b7
28,match,7b81dc03-47cd-4a02-a80d-a4f523e98db0
29,match,fcef7179-e544-4afb-bc4d-d9ec76049121
30,match,cafd0131-ac76-4496-8104-12d755f8307c
31,match,f5443a80-2592-4792-9d16-f3bfcb5b08a8
32,match,198e190f-a0e6-496e-8a8c-cffcdfed4ed9
33,match,0654c47b-f6a7-41bf-a45c-e69b8b4a2369
34,match,90f4eac2-1cf7-4f9c-aed3-d6123861c9d8
35,match,ab7b66b8-6d42-4e37-86ac-9690fcfe810e
36,match,8369cada-4d9c-41e3-b82e-1336849c301a
37,match,8a4021ab-bb45-41f6-826b-b6c11f38d14a
38,match,96211895-54f4-4b37-a93c-7cf5698b8f9a
39,match,8ef02ab3-d32c-4cf2-ba14-74eaaccaa1e7
40,match,d46e7e45-30f1-4cea-ab07-580102bb80c5
41,match,ce95948d-e355-4e79-afbe-80b8a0521b6f
42,match,be7726f2-df36-4d41-a496-398bf5b94dd7
43,match,6581435e-1827-44b5-92e7-adcd7eddd140
44,match,4998625d-c9ee-4f5c-adeb-a70723a1ae08
45,match,c9fa6765-4b98-4a18-8d7e-3a4ac516d9eb
46,match,7d03d30e-e5a9-4e9e-9191-bf07764889e3
47,match,bbd31d91-a7fd-4df1-a9b8-cb3e7145eeca
48,match,f573537b-d448-4637-a7b9-ece6a6f7446f
49,match,6162a52d-765a-443e-bc43-08d7204d4d83
50,match,7ee0532b-b3d7-4060-bfa2-1b5722a0efc0
51,match,728714cc-82e2-4e92-a8b1-9d9cd5bf3d17
52,match,e92eb5ea-03a2-47c4-9989-37f6185727fc
53,match,1ecef6db-b927-40a1-8a14-c683b5c11dcf
54,match,2270131c-ecc9-41d9-a128-1a6481fac767
55,match,c64a726e-22ff-4451-a693-0b813000e742
56,match,c74fbb4a-4dc1-4b6f-95a3-0eb61ffe402f
57,match,06a3b41f-9b01-4598-9905-232a29e3c9aa
58,match,a2a10342-e45d-4124-9afe-892ef3efd9f9
59,match,c7840d7b-a29a-4df1-b8ef-6883354835a6
60,match,3f8ad806-1201-4e5a-93fa-d2c08234a23a
61,match,5436472f-8e89-4d34-a2b6-75e4f8a7ead8
62,match,7c4515ec-de3e-4c88-8ab4-4b7412447c1e
63,match,d167fdf7-5908-4b5d-af60-f25147da6f10
64,match,27d11239-9bc9-44c3-9233-0b303c3bce61
65,match,91faf4c2-8218-443c-b793-b89203f0dba3
66,match,326ef9d1-a93f-4c7f-8022-98b978332e71
67,match,2275881b-d895-477b-8e4f-24d5fc6964b7
68,match,2c0fbed9-f77a-4442-903a-ca52b32f60bb
69,match,b9796b2c-6515-49c3-bf5a-e0aa0e92cfdf
70,match,d95ab0f2-27ba-4529-87be-f107239eb8af
71,match,11a15f5e-4b42-48ab-87db-ab644b2a97bd
72,match,1db54783-9070-400f-86ba-100680cd331d
73,match,039f821d-1787-428f-ae90-6f1a729292da
74,match,c1b79f4b-bd5c-4765-8663-96146edf96c5
75,match,c9f528c5-6647-4211-8978-a386783a0be4
76,match,676d9b79-0bab-401d-896f-72861afca5aa
77,match,c20de711-9786-40b2-b8a3-9948d9b4a4d3
78,match,25115a9f-a33e-4b7f-9992-491f33acc990
79,match,844fc4f0-c510-45a7-bfab-30c07ea9df92
80,match,f2f28595-926b-4ec1-ba40-78c7016bcc31
81,match,1afb41ef-d60c-4a50-b7f3-e4420a9331e2
82,match,459ae86e-b6e9-429c-a852-b68bc57087f1
83,match,d7347c27-e2db-4cac-95d9-202fd705aab3
84,match,e1311587-724d-4aa8-be2f-01225df2e4ff
85,match,1bfc77d5-7e38-4154-a267-84ec00093469
86,match,10d2c7ce-c1e0-44fa-8078-604812805268
87,match,2c42068d-03ca-4124-a3b4-80327d2b1f4f
88,match,4e87fb4b-746e-45f8-8278-1f2fb76cbee8
89,match,a7ef3675-38a6-41b2-a131-f90807ba0964
90,match,f52039cb-d79a-4259-9e9a-5b2fff4f5bea
91,match,0a63b0ac-2be2-4e19-bbfc-38b7420fb3d9
92,match,6fd4b49e-84aa-4456-b143-0fb14bf2efb5
93,match,4da1286e-0bf5-494c-a4e1-f7ddc843cb12
94,match,1f96d55e-1287-46dc-ae24-0845df1709ec
95,match,95837f38-ac7e-4cde-9dc8-b006896a47ab
96,match,749d5a3e-0899-4630-8891-d7c049c91b02
97,match,fd6e0655-68e5-47e7-93b7-8b0fc4fadeeb
98,match,828da96d-8fea-4627-996e-fbf2c3e86145
99,match,486ff799-4fcc-44c7-9efe-ecf5242ba661
100,match,060c3b11-60a1-43b5-8aef-9221c40fa569
101,match,132dec19-fced-4c20-826a-ad4b1dbc6abb
102,match,3bdc39e9-7ce6-4852-b040-ae381df42616
103,match,6355550c-553a-485b-a685-b6e11b6caa6a
104,match,e3f56b87-7f94-44ff-aa4d-5c133009e9b7
105,match,e6849b98-9c3d-4f91-986b-bd6b10ad719a
106,match,20b6ab31-fcf1-4b88-9a4b-0ae600263323
107,match,a1af0f5b-ff34-4780-bc90-45a701b8a123
108,match,93c70c11-4433-4a46-8aa5-94e69dc593f7
109,match,f23d37c0-6280-4ef6-9e33-e15f1dfc3a46
110,match,a02e443f-3915-457f-9362-f3c5efa496cf
111,match,9b97dec4-ce19-4a6d-aee8-b62a66c364ee
112,match,935ee9d6-48cf-4d2c-8930-b44c0a617285
113,match,cc33cf51-9410-46c4-a1fb-2788621c3266
114,match,172e00dd-0751-4d8b-bfdf-57e175c42e02
115,match,c2c1da13-0392-4d7b-87a1-29e32d2d3c99
116,match,6072e91e-d807-436c-886e-4886eda2f238
117,match,9f0ef505-e56f-440a-b37d-6030520d5932
118,match,d2c5c9d4-106c-4147-957d-41dc40a523a3
119,match,64d95188-5f09-4af1-8a51-743638009837
120,match,4143f372-dd31-4183-a172-ec85a0c2d099
121,match,38666666-e044-4cc7-b352-02ee914fc0b7
122,match,723c125e-37fd-49cb-a08e-89f9cb25cacf
123,match,f007fbce-3810-425d-9e4d-85c635f39677
124,match,52d92d97-eae7-4436-9c9f-369cb02a472e
125,match,30ccbb0b-e5e0-4d09-8366-74c7c3e8d8ed
126,match,d2ec7a88-b211-47d9-bf9e-e8a4aba5c4ed
127,match,cf84bf02-c8ef-4c4b-a2da-94a9dde59764
128,match,170b6e13-222f-44db-ba94-87ec66fc5415
129,match,60f8a1bb-a3e4-4fc9-8b8b-0a673d33750f
130,match,d8c4d593-425b-4ca3-8573-49348df232a7
131,match,ddb27d00-cc0f-4aaa-85ea-5e446257f114
132,match,1fed03ef-b726-4a7c-b290-5fd78fd8f707
133,match,00f069cb-147d-4c10-8858-6fb8250266cb
134,match,15d9e0e1-fead-4453-a231-5e9fc31e615d
135,match,781c86ca-f797-4424-ac65-c3ce4df38c29
136,match,79a7fece-bae1-48eb-8a59-fcd76474cf6f
137,match,cafd0cd6-fc9b-4485-bf43-8fb824ebe687
138,match,ff41e41e-953f-4bdc-9b2f-1f0a05cc0e3b
139,match,0d42b12a-0452-428a-a10b-b49d5879f2d8
140,match,1f1d28fb-4164-435b-b37e-50e6e0406022
141,match,43e225a5-0ea3-48ee-8117-7d0160501aba
142,match,309fb47e-c286-4130-8bb5-d9ada6f67269
143,match,26a803f9-fc78-4ffc-af6e-7ec330e69f6d
144,match,33e1651b-900b-4ecc-bb56-c687c575a6f3
145,match,a3759791-6ae9-45f0-9615-d31ddfaa8ac5
146,match,2ce9b7bc-5f9e-49c2-9e39-c6abb7c445e5
147,match,c617372a-0c77-4060-ab43-f712ca60176e
148,match,08fd030b-78e0-4708-955a-f3f301255441
149,match,0c11bc57-3647-40bd-86c2-9a889e3d0025
150,match,c0fb8116-a7cd-47ca-9a45-5de7e53daf9e
151,match,90a06c8f-82dd-404a-acf3-ff7c10292a07
152,match,890f4ef0-4660-4211-b6d1-31af7fab5464
153,match,29045b6e-e2c7-4a06-9112-8be0602009ba
154,match,9863d241-dc54-4985-bc9b-b4f83555b4f6
155,match,9c151d43-c45b-44c6-a346-176e52662e7e
156,match,3ceaec32-3219-4d12-8c68-1518308b9680
157,match,96ba41a5-78e4-4794-a813-57ea063188fa
158,match,30382851-9138-4747-ac2f-ab111d650705
159,match,3afa15ce-3f02-4b6e-8c38-f05057354f97
160,match,c24f11ec-341f-497c-aeae-facf6dd6b43d
161,match,41edb746-c286-434e-914c-47f11273298c
162,match,9a984049-8b0b-43d6-88ac-c8387f7a6d25
163,match,b6ac21ff-2fef-4ee1-98aa-744336ccdc5e
164,match,aaaa49f2-36df-4cc5-854c-e1975897569c
165,match,a2dbcc65-806a-40e4-85be-d82c6b9559ee
166,match,7baeea66-c71f-41f0-90ca-d2f183df2be3
167,match,190d5ac8-c914-4d42-bba7-01029a390f8c
168,match,dd3a87d2-8647-4164-9fa3-ca61b08177f3
169,match,c2fa174d-3212-4379-a58c-1b6f13fa73de
170,match,da39659c-3ba8-4f30-b9be-a3e6983fb5dc
171,match,4ddd9225-39d6-42af-9366-a8d7131316fe
172,match,26ecf413-02a8-4e71-9fef-e343c21f8fe7
173,match,c7ee8085-a247-4ff5-9c70-cda1b8f9069e
174,match,030cca34-0959-4467-a8eb-ee686a746ca0
175,match,12d3f715-2067-4029-a1af-3acc50506927
176,match,7784c4d0-2a66-4fb8-ab69-649cb07865b2
177,match,82e7d2fe-08a2-451c-b96a-04107de18a52
178,match,a178d0b9-f8ea-4abc-bb39-e038744b391a
179,match,228db2cf-d913-4924-8f40-4ecf07e8297b
180,match,a729e66d-3695-40cf-a026-723d0671e0fc
181,match,2487fe9e-3b0b-49d9-b59d-cb7e295d62a9
182,match,d96db089-3ab9-46e0-94de-3f446b6c61cd
183,match,9055be02-b24b-4eda-990e-6952374231bd
184,match,9de68d75-6c04-4e69-9147-d52a5806189f
185,match,35f2b4ba-a388-47d6-9a1e-1fcf2f39f74a
186,match,bba1304f-40fe-4ddb-8add-b56791b23196
187,match,fcc47fcf-7420-429c-8ec8-4daa0eed846c
188,match,7b0da930-e93e-4200-8c1a-30e9ce007c56
189,match,e0b8b357-67dd-445a-89f7-471e75358f10
190,match,d6a7cb13-eceb-493e-8a60-3d89eb967a8e
191,match,7152f694-e64f-47e0-90e4-94710d10be1d
192,match,3f8600e3-83a4-41d3-b7ca-1aab79924bdc
193,match,192824cd-69b0-4e2f-a0f2-1f2fc13a0777
194,match,6bf58095-96d2-4729-a40e-521ec63c63aa
195,match,529c0853-5234-4f83-8c95-980d9858e81a
196,match,a497b677-af3d-4d84-be9c-dd4e99304a4b
197,match,36c5b7a2-d04f-4a69-aa18-0e8aaada82c9
198,match,8d9fd913-60ea-48c9-a8a7-55869d2f6328
199,match,c826f5a1-d84b-43ff-9d8d-f2cd1699f1dc
200,match,6b0c3540-6aa5-4c42-9bb6-5fee751de97f
201,match,34a0818a-ce95-4cae-bcd3-1348c1b6d8d4
202,match,f1d5d65f-b142-4175-9ee9-5fd3b9510489
203,match,fd1b58e4-73dd-45c8-a629-6e4cc8f655fd
204,match,e4a13564-efe2-4d1e-aa48-17f415f04741
205,match,75feb6ac-82e3-4be8-9b33-8c7b34da94ca
206,match,4402998b-2430-4cdd-805f-5e91fbc5a7c4
207,match,3ba66c91-88dc-4136-80db-4f57ea3a26f6
208,match,69a48223-75d4-4f5b-a537-257e648934da
209,match,aaf581f8-d2ad-4259-8abb-1ddc584d6a04
210,match,faa3d6b3-1d29-4f94-bded-75a8ce5744e0
211,match,bab163d4-34fa-4824-bb92-76737ebc80e6
212,match,455a3e54-8a05-4b48-b058-b4450dd2000d
213,match,22326c6b-e9e4-4712-8505-f42c059ee2a5
214,match,338a4471-a322-4000-9627-9d5ba3e0a44e
215,match,796230f3-bcc7-419e-a6b1-95673caaef8f
216,match,3c375b32-52af-4788-88f0-e7c05fc84364
217,match,326346f5-40f4-4bfa-83dc-d4e42cca1695
218,match,d387f822-636e-4c5a-83db-743393826c1f
219,match,fe92b70b-50c1-4f97-a745-5efcb08b1b65
220,match,693da71d-8761-40e7-ba6c-1701ee70528c
221,match,491ef849-d5dd-477e-9953-8b130a598a50
222,match,b91447bf-f29c-4afc-981f-c4cf5c38befa
223,match,de4fd60c-8c90-4f8d-8c00-cc200c6aeed3
224,match,91df69e3-7b27-4970-87f5-a13afc140372
225,match,b7c7b149-22c0-4dac-8064-6a4256b49e71
226,match,e1f61fce-5a44-4d53-8f6a-81db74cd31cc
227,match,30b2eade-d930-4034-94f7-aff1328852f5
228,match,0ff0d52f-cbd7-4a7b-8988-af82fe447795
229,match,b78832f3-04d7-4935-afef-0276856363b5
230,match,d8ff7c4c-323f-4aec-9155-a1cbb8c2fe98
231,match,e9f45141-656b-4575-8231-c7dbdddc93bd
232,match,f0ffa98c-f78e-4b1f-9530-eee2036248ba
233,match,d7fd3775-b451-4109-ad5c-d88b3007e58e
234,match,28d09ac2-7864-4efc-8908-07157f54d24c
